country,country.code,year,total.aid.for.health_rmnch
Afghanistan,AFG,1990,NA
Afghanistan,AFG,1991,NA
Afghanistan,AFG,1992,NA
Afghanistan,AFG,1993,NA
Afghanistan,AFG,1994,NA
Afghanistan,AFG,1995,NA
Afghanistan,AFG,1996,NA
Afghanistan,AFG,1997,NA
Afghanistan,AFG,1998,NA
Afghanistan,AFG,1999,NA
Afghanistan,AFG,2000,NA
Afghanistan,AFG,2001,NA
Afghanistan,AFG,2002,0.07904505006861715
Afghanistan,AFG,2003,0.05565230758010609
Afghanistan,AFG,2004,0.0673241922315969
Afghanistan,AFG,2005,0.08389060658820151
Afghanistan,AFG,2006,0.20783696158468454
Afghanistan,AFG,2007,0.3567497853402325
Afghanistan,AFG,2008,0.8147728619367676
Afghanistan,AFG,2009,1.3963955358385265
Afghanistan,AFG,2010,1.0751878815797635
Afghanistan,AFG,2011,1.1516343085729577
Afghanistan,AFG,2012,1.023371059396033
Afghanistan,AFG,2013,0.9742224186918286
Afghanistan,AFG,2014,1.2036431265224787
Afghanistan,AFG,2015,1.1333944868443662
Afghanistan,AFG,2016,0.5291934538970338
Afghanistan,AFG,2017,1.1281664726507736
Afghanistan,AFG,2018,0.7250932171326745
Afghanistan,AFG,2019,1.0722680421460926
Afghanistan,AFG,2020,0.43043066326173596
Algeria,DZA,1990,1.4912268150726168e-5
Algeria,DZA,1991,3.270234262971444e-5
Algeria,DZA,1992,1.3590968746775397e-5
Algeria,DZA,1993,0
Algeria,DZA,1994,1.5282085201028623e-5
Algeria,DZA,1995,0
Algeria,DZA,1996,0
Algeria,DZA,1997,2.098334231054691e-5
Algeria,DZA,1998,8.873386865425757e-6
Algeria,DZA,1999,5.793066192483462e-4
Algeria,DZA,2000,1.967324376089938e-5
Algeria,DZA,2001,1.80949610471287e-5
Algeria,DZA,2002,3.6174628258096456e-5
Algeria,DZA,2003,7.01542505483576e-5
Algeria,DZA,2004,8.258763228920996e-5
Algeria,DZA,2005,1.0451757101164968e-5
Algeria,DZA,2006,3.177991224949603e-4
Algeria,DZA,2007,7.286155539924768e-4
Algeria,DZA,2008,0.003543509911524247
Algeria,DZA,2009,3.446552712414938e-4
Algeria,DZA,2010,0.002100342609078077
Algeria,DZA,2011,0.003355737083376417
Algeria,DZA,2012,0.0030247069960932815
Algeria,DZA,2013,0.0031226085941451903
Algeria,DZA,2014,0.002582205089436888
Algeria,DZA,2015,0.001338723573464113
Algeria,DZA,2016,9.013900321674811e-4
Algeria,DZA,2017,0.002023432862486097
Algeria,DZA,2018,0.0010945330296127562
Algeria,DZA,2019,4.989963688851801e-4
Algeria,DZA,2020,0.0022767512328441568
Angola,AGO,1990,0.01299465887133526
Angola,AGO,1991,0.014220550039450615
Angola,AGO,1992,0.010655529220843394
Angola,AGO,1993,0.00957411175067808
Angola,AGO,1994,0.013688188580230482
Angola,AGO,1995,0.049103965682520824
Angola,AGO,1996,0.024689791278124294
Angola,AGO,1997,0.01630025225707847
Angola,AGO,1998,0.024364253193365312
Angola,AGO,1999,0.04185666344939733
Angola,AGO,2000,0.04477013312422252
Angola,AGO,2001,0.04812826103792205
Angola,AGO,2002,0.026818156311144738
Angola,AGO,2003,0.017973663193233014
Angola,AGO,2004,0.009886616363572938
Angola,AGO,2005,0.04994614099972098
Angola,AGO,2006,0.026294407606911194
Angola,AGO,2007,0.03822188044387979
Angola,AGO,2008,0.08106472001301801
Angola,AGO,2009,0.050283856698822994
Angola,AGO,2010,0.051542174941718484
Angola,AGO,2011,0.05429228151224804
Angola,AGO,2012,0.054648404399789685
Angola,AGO,2013,0.0488695370626286
Angola,AGO,2014,0.047409312867312516
Angola,AGO,2015,0.04334820370389285
Angola,AGO,2016,0.04930030843947217
Angola,AGO,2017,0.04424363157053433
Angola,AGO,2018,0.028905410899061398
Angola,AGO,2019,0.050428960631906744
Angola,AGO,2020,0.051817613554489654
Bangladesh,BGD,1990,0.1669038645493232
Bangladesh,BGD,1991,0.20307855920341125
Bangladesh,BGD,1992,0.6599775603334693
Bangladesh,BGD,1993,0.14436085107317015
Bangladesh,BGD,1994,0.2875971745665317
Bangladesh,BGD,1995,0.11588300806052185
Bangladesh,BGD,1996,0.07902532541933677
Bangladesh,BGD,1997,0.05656945457265687
Bangladesh,BGD,1998,0.2250486990069952
Bangladesh,BGD,1999,0.20161117345277604
Bangladesh,BGD,2000,0.18357776170092782
Bangladesh,BGD,2001,0.15919566060773283
Bangladesh,BGD,2002,0.10244750985825093
Bangladesh,BGD,2003,0.09925012873589839
Bangladesh,BGD,2004,0.07430387439353636
Bangladesh,BGD,2005,0.13426690481311426
Bangladesh,BGD,2006,0.12012939196297076
Bangladesh,BGD,2007,0.08894811830598409
Bangladesh,BGD,2008,0.13094741557759446
Bangladesh,BGD,2009,0.17820441176470586
Bangladesh,BGD,2010,0.16515622170527516
Bangladesh,BGD,2011,0.14336480024074474
Bangladesh,BGD,2012,0.15482902203552215
Bangladesh,BGD,2013,0.21151032041664014
Bangladesh,BGD,2014,0.1728438623130619
Bangladesh,BGD,2015,0.1718785722707211
Bangladesh,BGD,2016,0.14525976760657747
Bangladesh,BGD,2017,0.1427296319244273
Bangladesh,BGD,2018,0.12057574603918353
Bangladesh,BGD,2019,0.1201749725635885
Bangladesh,BGD,2020,0.10001387014544909
Benin,BEN,1990,0.034611206960111815
Benin,BEN,1991,0.05865922330183407
Benin,BEN,1992,0.030558832422030613
Benin,BEN,1993,0.002958554552233605
Benin,BEN,1994,0.19573664583528563
Benin,BEN,1995,9.458183562722468e-4
Benin,BEN,1996,0.05818095519441714
Benin,BEN,1997,0.005741134491886507
Benin,BEN,1998,0.08072015662134499
Benin,BEN,1999,0.14962890433481973
Benin,BEN,2000,0.23172823684552954
Benin,BEN,2001,0.2198276620858624
Benin,BEN,2002,0.08556998174908406
Benin,BEN,2003,0.13188042864977267
Benin,BEN,2004,0.13773745606416699
Benin,BEN,2005,0.21984106806187848
Benin,BEN,2006,0.1737700520083535
Benin,BEN,2007,0.18215227647112292
Benin,BEN,2008,0.34021036555313006
Benin,BEN,2009,0.3854618588228114
Benin,BEN,2010,0.3290786744042546
Benin,BEN,2011,0.4164557653416698
Benin,BEN,2012,0.4086995946097696
Benin,BEN,2013,0.4066594734066349
Benin,BEN,2014,0.3820380326834403
Benin,BEN,2015,0.36552872769331113
Benin,BEN,2016,0.3412927700604849
Benin,BEN,2017,0.3987714731504761
Benin,BEN,2018,0.4511933625251023
Benin,BEN,2019,0.48571181665999186
Benin,BEN,2020,0.32669812847966
Bhutan,BTN,1990,0
Bhutan,BTN,1991,0
Bhutan,BTN,1992,0
Bhutan,BTN,1993,0
Bhutan,BTN,1994,0
Bhutan,BTN,1995,0.01585678868160264
Bhutan,BTN,1996,0
Bhutan,BTN,1997,0.0025261708475912323
Bhutan,BTN,1998,0
Bhutan,BTN,1999,0.0400733459042273
Bhutan,BTN,2000,0.04899989424525317
Bhutan,BTN,2001,0.32319065809823144
Bhutan,BTN,2002,0.022974770417704647
Bhutan,BTN,2003,0.057330923492907956
Bhutan,BTN,2004,0.033981279003565776
Bhutan,BTN,2005,0.05879203857904755
Bhutan,BTN,2006,0.30607224139340367
Bhutan,BTN,2007,0.2227948922736064
Bhutan,BTN,2008,0.17235052279357033
Bhutan,BTN,2009,0.05983332369096309
Bhutan,BTN,2010,0.15505918109698896
Bhutan,BTN,2011,0.22391614744113067
Bhutan,BTN,2012,0.15212769869938017
Bhutan,BTN,2013,0.04340723715161628
Bhutan,BTN,2014,0.19879671197796392
Bhutan,BTN,2015,0.1747356319887075
Bhutan,BTN,2016,0.06245293781093577
Bhutan,BTN,2017,0.07449684477082531
Bhutan,BTN,2018,0.06081807821372375
Bhutan,BTN,2019,0.13893472651157615
Bhutan,BTN,2020,0.03175016634894786
Bolivia,BOL,1990,0.06097163319025869
Bolivia,BOL,1991,0.14241109748902364
Bolivia,BOL,1992,0.1918736390019823
Bolivia,BOL,1993,0.13558782265653352
Bolivia,BOL,1994,0.15075303121839218
Bolivia,BOL,1995,0.02488162981189582
Bolivia,BOL,1996,0.08750506183510891
Bolivia,BOL,1997,0.1368098000988181
Bolivia,BOL,1998,0.19830383060927462
Bolivia,BOL,1999,0.1832036447715893
Bolivia,BOL,2000,0.3376391693374078
Bolivia,BOL,2001,0.2548525823992791
Bolivia,BOL,2002,0.08478374772496976
Bolivia,BOL,2003,0.15874247244815198
Bolivia,BOL,2004,0.07137492089045065
Bolivia,BOL,2005,0.05558491589227138
Bolivia,BOL,2006,0.07460852218160742
Bolivia,BOL,2007,0.08206740294677357
Bolivia,BOL,2008,0.14618951118425175
Bolivia,BOL,2009,0.14967534557464882
Bolivia,BOL,2010,0.16441901564215133
Bolivia,BOL,2011,0.18749174872234353
Bolivia,BOL,2012,0.1553984293985561
Bolivia,BOL,2013,0.1278901315422163
Bolivia,BOL,2014,0.0643088443830839
Bolivia,BOL,2015,0.05072999826906979
Bolivia,BOL,2016,0.03167351061236165
Bolivia,BOL,2017,0.044199902494557644
Bolivia,BOL,2018,0.046867440875524885
Bolivia,BOL,2019,0.18858577787377567
Bolivia,BOL,2020,0.04390068297663865
Burkina Faso,BFA,1990,0.02248291522532458
Burkina Faso,BFA,1991,0.10517601137697051
Burkina Faso,BFA,1992,0.025135531416794282
Burkina Faso,BFA,1993,0.21455388104299553
Burkina Faso,BFA,1994,0.46300648023806634
Burkina Faso,BFA,1995,0.242508976468543
Burkina Faso,BFA,1996,0.10438458731374747
Burkina Faso,BFA,1997,0.18103199242426973
Burkina Faso,BFA,1998,0.25308754286089435
Burkina Faso,BFA,1999,0.21692921493855097
Burkina Faso,BFA,2000,0.21431809466799437
Burkina Faso,BFA,2001,0.17625143035229573
Burkina Faso,BFA,2002,0.11693434880682134
Burkina Faso,BFA,2003,0.13091598467238655
Burkina Faso,BFA,2004,0.1250699322745442
Burkina Faso,BFA,2005,0.5763632462451862
Burkina Faso,BFA,2006,0.24649135503949857
Burkina Faso,BFA,2007,0.4993416193032534
Burkina Faso,BFA,2008,0.6152888135935811
Burkina Faso,BFA,2009,0.4764552400430784
Burkina Faso,BFA,2010,0.44967826170081726
Burkina Faso,BFA,2011,0.29354138911327876
Burkina Faso,BFA,2012,0.40346334192898636
Burkina Faso,BFA,2013,0.6642238144558205
Burkina Faso,BFA,2014,0.8328780888865603
Burkina Faso,BFA,2015,0.5850326925568679
Burkina Faso,BFA,2016,0.5952644660298684
Burkina Faso,BFA,2017,0.5739604258685961
Burkina Faso,BFA,2018,0.6724697663031542
Burkina Faso,BFA,2019,0.7702496827799841
Burkina Faso,BFA,2020,0.5995274720198915
Burundi,BDI,1990,0.03948296525528984
Burundi,BDI,1991,0.07732363561825205
Burundi,BDI,1992,0.011618915978874957
Burundi,BDI,1993,0.2805524045992539
Burundi,BDI,1994,0.14875545616900915
Burundi,BDI,1995,0.018944311559724383
Burundi,BDI,1996,0.05178953427385384
Burundi,BDI,1997,0.051890260267387404
Burundi,BDI,1998,0.09425627070029943
Burundi,BDI,1999,0.2621282833662109
Burundi,BDI,2000,0.24854038000855513
Burundi,BDI,2001,0.28853242614596136
Burundi,BDI,2002,0.36380616223446205
Burundi,BDI,2003,0.35063349885342454
Burundi,BDI,2004,0.2611702227437248
Burundi,BDI,2005,0.414089949139464
Burundi,BDI,2006,0.47035989281844043
Burundi,BDI,2007,0.8806135995305603
Burundi,BDI,2008,1.0018882395030062
Burundi,BDI,2009,0.9900400141172373
Burundi,BDI,2010,1.1131685047697562
Burundi,BDI,2011,1.631731109443977
Burundi,BDI,2012,1.7364146977836197
Burundi,BDI,2013,1.6325580049568011
Burundi,BDI,2014,1.723451182909947
Burundi,BDI,2015,1.731763449291941
Burundi,BDI,2016,1.9991057424396073
Burundi,BDI,2017,1.2181024525187898
Burundi,BDI,2018,2.6508481146074874
Burundi,BDI,2019,1.5402593118591743
Burundi,BDI,2020,1.4182505816806672
Cabo Verde,CPV,1990,0.0017424635378283245
Cabo Verde,CPV,1991,0.0013746684662657759
Cabo Verde,CPV,1992,0
Cabo Verde,CPV,1993,0
Cabo Verde,CPV,1994,0.0026301223730139283
Cabo Verde,CPV,1995,0
Cabo Verde,CPV,1996,1.8801662397113095e-4
Cabo Verde,CPV,1997,0.039255286737044016
Cabo Verde,CPV,1998,0.012932705066491242
Cabo Verde,CPV,1999,0.06598079007127863
Cabo Verde,CPV,2000,0.0360835115091485
Cabo Verde,CPV,2001,0.05543181252053266
Cabo Verde,CPV,2002,0.013853781353001238
Cabo Verde,CPV,2003,0.24971450249638774
Cabo Verde,CPV,2004,0.035628858411418544
Cabo Verde,CPV,2005,0.022037674298261613
Cabo Verde,CPV,2006,0.015513645108686407
Cabo Verde,CPV,2007,0.019448855466874353
Cabo Verde,CPV,2008,0.6822988976242195
Cabo Verde,CPV,2009,0.23485177426383488
Cabo Verde,CPV,2010,0.28539370452919544
Cabo Verde,CPV,2011,0.4826593763584461
Cabo Verde,CPV,2012,0.43027643282319966
Cabo Verde,CPV,2013,0.3209487111014792
Cabo Verde,CPV,2014,0.3515756811723474
Cabo Verde,CPV,2015,0.32421086357182
Cabo Verde,CPV,2016,0.2634660174493968
Cabo Verde,CPV,2017,0.25302243546763137
Cabo Verde,CPV,2018,0.2530896357305757
Cabo Verde,CPV,2019,0.23685153096968248
Cabo Verde,CPV,2020,0.16041634445785716
Cambodia,KHM,1990,NA
Cambodia,KHM,1991,NA
Cambodia,KHM,1992,NA
Cambodia,KHM,1993,0.019116853082734545
Cambodia,KHM,1994,0.2964295360407139
Cambodia,KHM,1995,2.141092761711254
Cambodia,KHM,1996,0.9560962406955152
Cambodia,KHM,1997,0.5460774692650365
Cambodia,KHM,1998,0.5284261418069943
Cambodia,KHM,1999,0.35116321504701575
Cambodia,KHM,2000,0.4342387905609003
Cambodia,KHM,2001,0.34041988081666547
Cambodia,KHM,2002,0.1896663050359028
Cambodia,KHM,2003,0.11875837311341236
Cambodia,KHM,2004,0.11239532437381652
Cambodia,KHM,2005,0.29436011517678706
Cambodia,KHM,2006,0.2184834136204384
Cambodia,KHM,2007,0.3159368561963203
Cambodia,KHM,2008,0.3229844071003509
Cambodia,KHM,2009,0.5374952548947481
Cambodia,KHM,2010,0.5543344222902556
Cambodia,KHM,2011,0.4105244613198065
Cambodia,KHM,2012,0.7578898748320847
Cambodia,KHM,2013,0.572630970513215
Cambodia,KHM,2014,0.4237515627948569
Cambodia,KHM,2015,0.48000675576669327
Cambodia,KHM,2016,0.3302504108541934
Cambodia,KHM,2017,0.26470183634315186
Cambodia,KHM,2018,0.18886710305638613
Cambodia,KHM,2019,0.22494470042073023
Cambodia,KHM,2020,0.1616195045080254
Cameroon,CMR,1990,0.0033729680460329674
Cameroon,CMR,1991,0.04297506609363203
Cameroon,CMR,1992,0.09466372071098662
Cameroon,CMR,1993,0.11103560747751787
Cameroon,CMR,1994,0.0017287056990318238
Cameroon,CMR,1995,0.0016800840436531517
Cameroon,CMR,1996,0.008268228265540958
Cameroon,CMR,1997,0.014807466100747244
Cameroon,CMR,1998,0.012609709338944257
Cameroon,CMR,1999,0.01569409476510352
Cameroon,CMR,2000,0.01855134398104257
Cameroon,CMR,2001,0.05580933802698092
Cameroon,CMR,2002,0.024069008512953138
Cameroon,CMR,2003,0.05025514838073243
Cameroon,CMR,2004,0.051755622475408686
Cameroon,CMR,2005,0.07636496687027608
Cameroon,CMR,2006,0.05835577930483513
Cameroon,CMR,2007,0.04227844592154595
Cameroon,CMR,2008,0.15110286155136138
Cameroon,CMR,2009,0.14072581746308882
Cameroon,CMR,2010,0.1307546678533481
Cameroon,CMR,2011,0.18851319658048987
Cameroon,CMR,2012,0.1938881936258868
Cameroon,CMR,2013,0.2718533500396401
Cameroon,CMR,2014,0.16696635675518579
Cameroon,CMR,2015,0.18624826515194248
Cameroon,CMR,2016,0.10064083565449367
Cameroon,CMR,2017,0.08762152304877259
Cameroon,CMR,2018,0.13127640250946504
Cameroon,CMR,2019,0.10413826071829019
Cameroon,CMR,2020,0.1310760475479933
Central African Republic,CAF,1990,0.009847394063342405
Central African Republic,CAF,1991,0.021959775747955622
Central African Republic,CAF,1992,0.5791968815153035
Central African Republic,CAF,1993,0.3660437473073598
Central African Republic,CAF,1994,0.004172026849145814
Central African Republic,CAF,1995,0.14597494148090767
Central African Republic,CAF,1996,0.027846171919224283
Central African Republic,CAF,1997,0.0024614327630520126
Central African Republic,CAF,1998,0.11447247225333303
Central African Republic,CAF,1999,0.05911669623443117
Central African Republic,CAF,2000,0.02995494181828677
Central African Republic,CAF,2001,0.06831659608716902
Central African Republic,CAF,2002,0.3299914266562513
Central African Republic,CAF,2003,0.14544803021343916
Central African Republic,CAF,2004,0.042112122208138376
Central African Republic,CAF,2005,0.10062797868044758
Central African Republic,CAF,2006,0.04425272007495073
Central African Republic,CAF,2007,0.11294207688187986
Central African Republic,CAF,2008,1.0117037282359362
Central African Republic,CAF,2009,0.45907473282151096
Central African Republic,CAF,2010,0.39039657689854795
Central African Republic,CAF,2011,0.6931953730555573
Central African Republic,CAF,2012,0.519629983188186
Central African Republic,CAF,2013,0.7522707056029332
Central African Republic,CAF,2014,1.6386795339675388
Central African Republic,CAF,2015,0.8573404643774867
Central African Republic,CAF,2016,1.5256846640391621
Central African Republic,CAF,2017,1.1851004715900655
Central African Republic,CAF,2018,0.6900283637409456
Central African Republic,CAF,2019,1.3686079916301606
Central African Republic,CAF,2020,0.7411743230919478
Chad,TCD,1990,0.31176232495710365
Chad,TCD,1991,0.14498568708553744
Chad,TCD,1992,0.28291558496121066
Chad,TCD,1993,0.09464415760838184
Chad,TCD,1994,0.03416754202807164
Chad,TCD,1995,0.4387889439517985
Chad,TCD,1996,0.11695119287690604
Chad,TCD,1997,0.20992739711545558
Chad,TCD,1998,0.09133882960514451
Chad,TCD,1999,0.1456536854372865
Chad,TCD,2000,0.17809743758430555
Chad,TCD,2001,0.22241727679688006
Chad,TCD,2002,0.2196850191553625
Chad,TCD,2003,0.32260915299486614
Chad,TCD,2004,0.25034071089751464
Chad,TCD,2005,0.23645961232586737
Chad,TCD,2006,0.09806125636889669
Chad,TCD,2007,0.13593560384955572
Chad,TCD,2008,0.3265994902828229
Chad,TCD,2009,0.21010226752409034
Chad,TCD,2010,0.2634130156600206
Chad,TCD,2011,0.3544904593596195
Chad,TCD,2012,0.35360894485810523
Chad,TCD,2013,0.3794953012982945
Chad,TCD,2014,0.4230967283806118
Chad,TCD,2015,0.25824645758670367
Chad,TCD,2016,0.37652743373519515
Chad,TCD,2017,0.29494146335025284
Chad,TCD,2018,0.35642938298460175
Chad,TCD,2019,0.4106855863271151
Chad,TCD,2020,0.6200350873937109
Comoros,COM,1990,0.006237681412083369
Comoros,COM,1991,0.023776342372904564
Comoros,COM,1992,0.004970592005109133
Comoros,COM,1993,7.148938531674478e-4
Comoros,COM,1994,0.08735869211737496
Comoros,COM,1995,0.08813896676984874
Comoros,COM,1996,0.1579220005646405
Comoros,COM,1997,0.12520288418016612
Comoros,COM,1998,0.06373478653731414
Comoros,COM,1999,0.0901895571850823
Comoros,COM,2000,0.04060419048459211
Comoros,COM,2001,0.04361609108209214
Comoros,COM,2002,0.08599018165793072
Comoros,COM,2003,0.46225864612521717
Comoros,COM,2004,0.11904139741267927
Comoros,COM,2005,0.053383636001471765
Comoros,COM,2006,0.03961157435053116
Comoros,COM,2007,0.08982212632191221
Comoros,COM,2008,1.3666641098519663
Comoros,COM,2009,0.4677383687337645
Comoros,COM,2010,0.6035886679607687
Comoros,COM,2011,0.9228246552542384
Comoros,COM,2012,0.8977226038016459
Comoros,COM,2013,0.6911728874317693
Comoros,COM,2014,0.9317626793185118
Comoros,COM,2015,0.8747144505027983
Comoros,COM,2016,0.7770717452893378
Comoros,COM,2017,0.666865216858064
Comoros,COM,2018,0.8208138181938196
Comoros,COM,2019,0.5980726712868829
Comoros,COM,2020,0.4640111060769436
"Congo, Dem. Rep.",COD,1990,0.03338578107815889
"Congo, Dem. Rep.",COD,1991,0.04131303654642885
"Congo, Dem. Rep.",COD,1992,0.00851415319639675
"Congo, Dem. Rep.",COD,1993,9.350336619795179e-4
"Congo, Dem. Rep.",COD,1994,0.004345976640142343
"Congo, Dem. Rep.",COD,1995,0.0012635136776564615
"Congo, Dem. Rep.",COD,1996,0.04088545112370359
"Congo, Dem. Rep.",COD,1997,0.00910185597255252
"Congo, Dem. Rep.",COD,1998,0.010136360427629632
"Congo, Dem. Rep.",COD,1999,0.038625512622478354
"Congo, Dem. Rep.",COD,2000,0.12985188603742456
"Congo, Dem. Rep.",COD,2001,0.17587354688271067
"Congo, Dem. Rep.",COD,2002,0.047610985799708856
"Congo, Dem. Rep.",COD,2003,0.11141708500625885
"Congo, Dem. Rep.",COD,2004,0.13362879340528497
"Congo, Dem. Rep.",COD,2005,0.10481407050703846
"Congo, Dem. Rep.",COD,2006,0.27499052385080464
"Congo, Dem. Rep.",COD,2007,0.21942834091892918
"Congo, Dem. Rep.",COD,2008,0.6996921554889896
"Congo, Dem. Rep.",COD,2009,0.4639818540064856
"Congo, Dem. Rep.",COD,2010,0.5531091177468808
"Congo, Dem. Rep.",COD,2011,0.7046256151611393
"Congo, Dem. Rep.",COD,2012,0.4053102740920317
"Congo, Dem. Rep.",COD,2013,0.7443446315562616
"Congo, Dem. Rep.",COD,2014,0.6645501399909882
"Congo, Dem. Rep.",COD,2015,0.9537523459126873
"Congo, Dem. Rep.",COD,2016,0.7419148436124344
"Congo, Dem. Rep.",COD,2017,0.8236112675165186
"Congo, Dem. Rep.",COD,2018,0.7422414655092217
"Congo, Dem. Rep.",COD,2019,1.0350174018996092
"Congo, Dem. Rep.",COD,2020,0.7064583996981579
"Congo, Rep.",COG,1990,0.05021251404270391
"Congo, Rep.",COG,1991,0.001901504290476302
"Congo, Rep.",COG,1992,0.0015980881555926211
"Congo, Rep.",COG,1993,2.0602969220224866e-4
"Congo, Rep.",COG,1994,0.0017985401324956212
"Congo, Rep.",COG,1995,3.1447446911995114e-4
"Congo, Rep.",COG,1996,6.030741530057966e-4
"Congo, Rep.",COG,1997,0.0012980187840488987
"Congo, Rep.",COG,1998,7.150014624371788e-4
"Congo, Rep.",COG,1999,0.011910065362979168
"Congo, Rep.",COG,2000,0.006838159239263685
"Congo, Rep.",COG,2001,0.010217590252754465
"Congo, Rep.",COG,2002,0.0033994834766528717
"Congo, Rep.",COG,2003,0.03876451852924774
"Congo, Rep.",COG,2004,0.013774441496500821
"Congo, Rep.",COG,2005,0.017586184213984564
"Congo, Rep.",COG,2006,0.01689746496926731
"Congo, Rep.",COG,2007,0.02796035101564278
"Congo, Rep.",COG,2008,0.18584221115102179
"Congo, Rep.",COG,2009,0.09457948204472068
"Congo, Rep.",COG,2010,0.11980977825555245
"Congo, Rep.",COG,2011,0.19738598146291095
"Congo, Rep.",COG,2012,0.24392884061655926
"Congo, Rep.",COG,2013,0.19036432981702286
"Congo, Rep.",COG,2014,0.0907042800592048
"Congo, Rep.",COG,2015,0.1308381913468837
"Congo, Rep.",COG,2016,0.15953840328066546
"Congo, Rep.",COG,2017,0.202381877050335
"Congo, Rep.",COG,2018,0.24107829432375097
"Congo, Rep.",COG,2019,0.16432415616443158
"Congo, Rep.",COG,2020,0.16892446621615684
Côte d’Ivoire,CIV,1990,0.0027168318179052074
Côte d’Ivoire,CIV,1991,0.042278229794881564
Côte d’Ivoire,CIV,1992,0.08306777836501611
Côte d’Ivoire,CIV,1993,0.02971702753134466
Côte d’Ivoire,CIV,1994,0.0019395084015459444
Côte d’Ivoire,CIV,1995,0.1055401234721261
Côte d’Ivoire,CIV,1996,0.007469746312604337
Côte d’Ivoire,CIV,1997,0.009362328750703523
Côte d’Ivoire,CIV,1998,0.010983736307550668
Côte d’Ivoire,CIV,1999,0.012155959616790077
Côte d’Ivoire,CIV,2000,0.014299775351696756
Côte d’Ivoire,CIV,2001,0.033924771560050145
Côte d’Ivoire,CIV,2002,0.0301636982042446
Côte d’Ivoire,CIV,2003,0.04606626506489464
Côte d’Ivoire,CIV,2004,0.029452390307678086
Côte d’Ivoire,CIV,2005,0.027707128896367228
Côte d’Ivoire,CIV,2006,0.023911987108699226
Côte d’Ivoire,CIV,2007,0.03525289647556526
Côte d’Ivoire,CIV,2008,0.14713621395459706
Côte d’Ivoire,CIV,2009,0.08600023356440853
Côte d’Ivoire,CIV,2010,0.09577836719589114
Côte d’Ivoire,CIV,2011,0.07271144365227718
Côte d’Ivoire,CIV,2012,0.11376593756002105
Côte d’Ivoire,CIV,2013,0.08536104513150478
Côte d’Ivoire,CIV,2014,0.1702671615396129
Côte d’Ivoire,CIV,2015,0.08117492933926648
Côte d’Ivoire,CIV,2016,0.06714963567108613
Côte d’Ivoire,CIV,2017,0.14448298696566364
Côte d’Ivoire,CIV,2018,0.13429631483942428
Côte d’Ivoire,CIV,2019,0.11489838601828382
Côte d’Ivoire,CIV,2020,0.1130145107236141
Djibouti,DJI,1990,NA
Djibouti,DJI,1991,NA
Djibouti,DJI,1992,NA
Djibouti,DJI,1993,NA
Djibouti,DJI,1994,NA
Djibouti,DJI,1995,NA
Djibouti,DJI,1996,NA
Djibouti,DJI,1997,NA
Djibouti,DJI,1998,NA
Djibouti,DJI,1999,NA
Djibouti,DJI,2000,NA
Djibouti,DJI,2001,NA
Djibouti,DJI,2002,NA
Djibouti,DJI,2003,NA
Djibouti,DJI,2004,NA
Djibouti,DJI,2005,NA
Djibouti,DJI,2006,NA
Djibouti,DJI,2007,NA
Djibouti,DJI,2008,NA
Djibouti,DJI,2009,NA
Djibouti,DJI,2010,NA
Djibouti,DJI,2011,NA
Djibouti,DJI,2012,NA
Djibouti,DJI,2013,0.4374674017518836
Djibouti,DJI,2014,0.41504402603456125
Djibouti,DJI,2015,0.37444442998721017
Djibouti,DJI,2016,0.2611382576775512
Djibouti,DJI,2017,0.283878960897192
Djibouti,DJI,2018,0.38378075763453967
Djibouti,DJI,2019,0.26166077655932235
Djibouti,DJI,2020,0.2709830284151453
"Egypt, Arab Rep.",EGY,1990,0.0442109650417658
"Egypt, Arab Rep.",EGY,1991,0.0831782040493895
"Egypt, Arab Rep.",EGY,1992,0.06697487486747047
"Egypt, Arab Rep.",EGY,1993,0.03913147658565028
"Egypt, Arab Rep.",EGY,1994,0.024660649126176302
"Egypt, Arab Rep.",EGY,1995,0.030467115453791323
"Egypt, Arab Rep.",EGY,1996,0.06679695694127848
"Egypt, Arab Rep.",EGY,1997,0.011256785688246094
"Egypt, Arab Rep.",EGY,1998,0.03413401472868704
"Egypt, Arab Rep.",EGY,1999,0.03126276469160505
"Egypt, Arab Rep.",EGY,2000,0.036111373919625114
"Egypt, Arab Rep.",EGY,2001,0.043721880291343024
"Egypt, Arab Rep.",EGY,2002,0.003686437563654309
"Egypt, Arab Rep.",EGY,2003,0.01426398392389286
"Egypt, Arab Rep.",EGY,2004,0.020910614880088364
"Egypt, Arab Rep.",EGY,2005,0.028506535427913808
"Egypt, Arab Rep.",EGY,2006,0.021755616563114363
"Egypt, Arab Rep.",EGY,2007,0.01442747623428396
"Egypt, Arab Rep.",EGY,2008,0.016589717564999735
"Egypt, Arab Rep.",EGY,2009,0.011638707231542034
"Egypt, Arab Rep.",EGY,2010,0.008788820091108908
"Egypt, Arab Rep.",EGY,2011,0.004679153493949635
"Egypt, Arab Rep.",EGY,2012,0.004131355579179595
"Egypt, Arab Rep.",EGY,2013,0.0035101050455110245
"Egypt, Arab Rep.",EGY,2014,0.008182336724023196
"Egypt, Arab Rep.",EGY,2015,0.007549025858692583
"Egypt, Arab Rep.",EGY,2016,0.006364004038605342
"Egypt, Arab Rep.",EGY,2017,0.003316827397061329
"Egypt, Arab Rep.",EGY,2018,0.008698154237827518
"Egypt, Arab Rep.",EGY,2019,0.009724221617588314
"Egypt, Arab Rep.",EGY,2020,0.00801390431926568
El Salvador,SLV,1990,0.30416427241373006
El Salvador,SLV,1991,0.14832420345422828
El Salvador,SLV,1992,0.2339761607976806
El Salvador,SLV,1993,0.11261061980065466
El Salvador,SLV,1994,0.07485938308323285
El Salvador,SLV,1995,7.884725985924381e-4
El Salvador,SLV,1996,0.06677245067801488
El Salvador,SLV,1997,0.07214966220663845
El Salvador,SLV,1998,0.04862761957103889
El Salvador,SLV,1999,0.11899630859005916
El Salvador,SLV,2000,0.11271492030430527
El Salvador,SLV,2001,0.17126593851487767
El Salvador,SLV,2002,0.01815457299815932
El Salvador,SLV,2003,0.015186459469881348
El Salvador,SLV,2004,0.01139347972659089
El Salvador,SLV,2005,0.06025037939308422
El Salvador,SLV,2006,0.03145447126686862
El Salvador,SLV,2007,0.01656172550453802
El Salvador,SLV,2008,0.054403149302072566
El Salvador,SLV,2009,0.0765849835886978
El Salvador,SLV,2010,0.09448717551259074
El Salvador,SLV,2011,0.07984400587567878
El Salvador,SLV,2012,0.0671353111129257
El Salvador,SLV,2013,0.03893465570449334
El Salvador,SLV,2014,0.027436872393148973
El Salvador,SLV,2015,0.02444722811951751
El Salvador,SLV,2016,0.056692051311628376
El Salvador,SLV,2017,0.05880718051911121
El Salvador,SLV,2018,0.04792112817055424
El Salvador,SLV,2019,0.02064021108602449
El Salvador,SLV,2020,0.01993941556942002
Eritrea,ERI,1990,NA
Eritrea,ERI,1991,NA
Eritrea,ERI,1992,0.017576881491779824
Eritrea,ERI,1993,4.579038616128566e-4
Eritrea,ERI,1994,0.18572301969679253
Eritrea,ERI,1995,0.01040526069659958
Eritrea,ERI,1996,0.05820536435348882
Eritrea,ERI,1997,0.005347222933526891
Eritrea,ERI,1998,0.012956687527953798
Eritrea,ERI,1999,0.21839786691078808
Eritrea,ERI,2000,0.46955334169904983
Eritrea,ERI,2001,0.4085589398696359
Eritrea,ERI,2002,0.29162642237314934
Eritrea,ERI,2003,0.6415127494325912
Eritrea,ERI,2004,0.5343296698400959
Eritrea,ERI,2005,0.5789224925383928
Eritrea,ERI,2006,0.29683934453123295
Eritrea,ERI,2007,0.3129906221842177
Eritrea,ERI,2008,0.7661157874935647
Eritrea,ERI,2009,0.41566845991801393
Eritrea,ERI,2010,0.49940913406590637
Eritrea,ERI,2011,0.4843349327219142
Eritrea,ERI,2012,NA
Eritrea,ERI,2013,NA
Eritrea,ERI,2014,NA
Eritrea,ERI,2015,NA
Eritrea,ERI,2016,NA
Eritrea,ERI,2017,NA
Eritrea,ERI,2018,NA
Eritrea,ERI,2019,NA
Eritrea,ERI,2020,NA
Eswatini,SWZ,1990,0.002315178290079126
Eswatini,SWZ,1991,0.0019047578936844355
Eswatini,SWZ,1992,0.003434172567250439
Eswatini,SWZ,1993,2.485609481879545e-4
Eswatini,SWZ,1994,0.16437923646247604
Eswatini,SWZ,1995,1.8524752998411308e-4
Eswatini,SWZ,1996,7.581726042942279e-4
Eswatini,SWZ,1997,0.0018600179675572852
Eswatini,SWZ,1998,0.0021500789200801476
Eswatini,SWZ,1999,0.023136764704455123
Eswatini,SWZ,2000,0.011509126812613178
Eswatini,SWZ,2001,0.007805048707782776
Eswatini,SWZ,2002,0.003052051294643439
Eswatini,SWZ,2003,0.07973129737476184
Eswatini,SWZ,2004,0.015097971930684163
Eswatini,SWZ,2005,0.005984959181694011
Eswatini,SWZ,2006,0.005835876862146486
Eswatini,SWZ,2007,0.019331552455545655
Eswatini,SWZ,2008,0.3521725736231902
Eswatini,SWZ,2009,0.21073179276322349
Eswatini,SWZ,2010,0.15085103921070608
Eswatini,SWZ,2011,0.2574089992507572
Eswatini,SWZ,2012,0.25087455263305697
Eswatini,SWZ,2013,0.18893700428454915
Eswatini,SWZ,2014,0.20006492151989647
Eswatini,SWZ,2015,0.20294121172276025
Eswatini,SWZ,2016,0.22360097672315923
Eswatini,SWZ,2017,0.24830283899665745
Eswatini,SWZ,2018,0.2710029122894407
Eswatini,SWZ,2019,0.29785443263299083
Eswatini,SWZ,2020,0.1603962406219809
Ethiopia,ETH,1990,0.09344013504321298
Ethiopia,ETH,1991,0.1409131580438465
Ethiopia,ETH,1992,0.06636304418712788
Ethiopia,ETH,1993,0.014570959099494409
Ethiopia,ETH,1994,0.1063353779911032
Ethiopia,ETH,1995,0.06315131504274596
Ethiopia,ETH,1996,0.08264410312055068
Ethiopia,ETH,1997,0.036336557757114106
Ethiopia,ETH,1998,0.03425681153272047
Ethiopia,ETH,1999,0.24882854905912224
Ethiopia,ETH,2000,0.3108356878606028
Ethiopia,ETH,2001,0.2988761784346819
Ethiopia,ETH,2002,0.1861489784903716
Ethiopia,ETH,2003,0.18968795416637865
Ethiopia,ETH,2004,0.250108833571118
Ethiopia,ETH,2005,0.17984151195541223
Ethiopia,ETH,2006,0.4262176819027243
Ethiopia,ETH,2007,0.8459680690180665
Ethiopia,ETH,2008,0.5964100356540929
Ethiopia,ETH,2009,0.5954112797044349
Ethiopia,ETH,2010,0.433661238646487
Ethiopia,ETH,2011,0.6975042294795464
Ethiopia,ETH,2012,0.7286049104339722
Ethiopia,ETH,2013,0.7577824751618957
Ethiopia,ETH,2014,0.6886328475517765
Ethiopia,ETH,2015,0.7753694943024689
Ethiopia,ETH,2016,0.6441734662217662
Ethiopia,ETH,2017,0.6260989313352875
Ethiopia,ETH,2018,0.5899337541564744
Ethiopia,ETH,2019,0.5106078706877933
Ethiopia,ETH,2020,0.3818430453275002
"Gambia, The",GMB,1990,0.007484812717650257
"Gambia, The",GMB,1991,0.2701284009620607
"Gambia, The",GMB,1992,0.059281990734297775
"Gambia, The",GMB,1993,5.243605420175024e-4
"Gambia, The",GMB,1994,0.015575685683715243
"Gambia, The",GMB,1995,0.013363628917087356
"Gambia, The",GMB,1996,0.010915275297307202
"Gambia, The",GMB,1997,0.01802797828690162
"Gambia, The",GMB,1998,0.1494002304601662
"Gambia, The",GMB,1999,0.28840852751629176
"Gambia, The",GMB,2000,0.18797648967941796
"Gambia, The",GMB,2001,0.23220341429360808
"Gambia, The",GMB,2002,0.4892653549725802
"Gambia, The",GMB,2003,0.6365027020696375
"Gambia, The",GMB,2004,0.4637687919114482
"Gambia, The",GMB,2005,0.6049881995608192
"Gambia, The",GMB,2006,0.04991128356347912
"Gambia, The",GMB,2007,0.21250163054563032
"Gambia, The",GMB,2008,0.9770339116350857
"Gambia, The",GMB,2009,0.47818081411759394
"Gambia, The",GMB,2010,0.7285673111506957
"Gambia, The",GMB,2011,1.192791903080977
"Gambia, The",GMB,2012,1.250245913860014
"Gambia, The",GMB,2013,1.4943390403908527
"Gambia, The",GMB,2014,1.4543609487592133
"Gambia, The",GMB,2015,1.2129067312135442
"Gambia, The",GMB,2016,0.7258570661938412
"Gambia, The",GMB,2017,0.9727608288153399
"Gambia, The",GMB,2018,0.9036482698869015
"Gambia, The",GMB,2019,1.8001492110167403
"Gambia, The",GMB,2020,1.6004622634231567
Ghana,GHA,1990,0.02132524987362963
Ghana,GHA,1991,0.3773144408525288
Ghana,GHA,1992,0.041421378731792725
Ghana,GHA,1993,0.009887932047149096
Ghana,GHA,1994,0.08355832782444512
Ghana,GHA,1995,0.013233637172851864
Ghana,GHA,1996,0.03504586530307891
Ghana,GHA,1997,0.03106369428934363
Ghana,GHA,1998,0.01988554772043804
Ghana,GHA,1999,0.09602297582892409
Ghana,GHA,2000,0.14653905326081743
Ghana,GHA,2001,0.26928233749427416
Ghana,GHA,2002,0.08712769353116974
Ghana,GHA,2003,0.08416814508137753
Ghana,GHA,2004,0.15291937494802965
Ghana,GHA,2005,0.15353392617263015
Ghana,GHA,2006,0.1310462692011792
Ghana,GHA,2007,0.10752479586067949
Ghana,GHA,2008,0.17743085661813895
Ghana,GHA,2009,0.2456898479124718
Ghana,GHA,2010,0.18624634790765157
Ghana,GHA,2011,0.2451342683784077
Ghana,GHA,2012,0.28835438053648105
Ghana,GHA,2013,0.2589873696455351
Ghana,GHA,2014,0.21957384877131225
Ghana,GHA,2015,0.28701649294324305
Ghana,GHA,2016,0.23554389900285322
Ghana,GHA,2017,0.15776014238819605
Ghana,GHA,2018,0.22815917669344785
Ghana,GHA,2019,0.213528351643422
Ghana,GHA,2020,0.09064174022936496
Guinea,GIN,1990,0.03644682739885896
Guinea,GIN,1991,0.1454991152874923
Guinea,GIN,1992,0.2182360961247598
Guinea,GIN,1993,0.21078633828731072
Guinea,GIN,1994,0.13218707697265664
Guinea,GIN,1995,0.3692384168124255
Guinea,GIN,1996,0.27306217203705074
Guinea,GIN,1997,0.32461395327153336
Guinea,GIN,1998,0.21206201292113044
Guinea,GIN,1999,0.2356806444338117
Guinea,GIN,2000,0.28828581739379544
Guinea,GIN,2001,0.30397890705217206
Guinea,GIN,2002,0.19208014031304152
Guinea,GIN,2003,0.07953211622878494
Guinea,GIN,2004,0.07295904765420179
Guinea,GIN,2005,0.1828350031377756
Guinea,GIN,2006,0.24747243561849805
Guinea,GIN,2007,0.10463218173310139
Guinea,GIN,2008,0.4161535885263173
Guinea,GIN,2009,0.36389903176001537
Guinea,GIN,2010,0.37954342148029513
Guinea,GIN,2011,0.4162133639700299
Guinea,GIN,2012,0.40484120620920616
Guinea,GIN,2013,0.32097645003682557
Guinea,GIN,2014,0.5306168188374127
Guinea,GIN,2015,0.49858984119606425
Guinea,GIN,2016,0.4357060707351224
Guinea,GIN,2017,0.509655830609261
Guinea,GIN,2018,0.4702041032126354
Guinea,GIN,2019,0.34225211941856776
Guinea,GIN,2020,0.23334879710859352
Guinea-Bissau,GNB,1990,0.20794610380989761
Guinea-Bissau,GNB,1991,0.17596880702803774
Guinea-Bissau,GNB,1992,0.2740704363581741
Guinea-Bissau,GNB,1993,0.817032482217592
Guinea-Bissau,GNB,1994,0.1562850483517381
Guinea-Bissau,GNB,1995,0.015481509215686846
Guinea-Bissau,GNB,1996,0.001293182380895436
Guinea-Bissau,GNB,1997,0.007175147653809111
Guinea-Bissau,GNB,1998,0.011514623350497598
Guinea-Bissau,GNB,1999,0.10577098369562307
Guinea-Bissau,GNB,2000,0.06587516368821396
Guinea-Bissau,GNB,2001,0.10932096498110061
Guinea-Bissau,GNB,2002,0.08120380816199521
Guinea-Bissau,GNB,2003,0.4086818417283376
Guinea-Bissau,GNB,2004,0.15522007683811218
Guinea-Bissau,GNB,2005,0.19897699995995882
Guinea-Bissau,GNB,2006,0.11927590494843276
Guinea-Bissau,GNB,2007,0.39395007929869696
Guinea-Bissau,GNB,2008,1.8472501502500454
Guinea-Bissau,GNB,2009,0.8685362708988672
Guinea-Bissau,GNB,2010,1.7078283560318126
Guinea-Bissau,GNB,2011,1.1718337722024414
Guinea-Bissau,GNB,2012,2.3807065730514916
Guinea-Bissau,GNB,2013,2.177035137556993
Guinea-Bissau,GNB,2014,1.405057277140665
Guinea-Bissau,GNB,2015,1.5030103675880737
Guinea-Bissau,GNB,2016,1.517580628433047
Guinea-Bissau,GNB,2017,1.5977987884433653
Guinea-Bissau,GNB,2018,1.3033112646182594
Guinea-Bissau,GNB,2019,1.4348986284079652
Guinea-Bissau,GNB,2020,0.7658604932812422
Haiti,HTI,1990,0.31400267153752964
Haiti,HTI,1991,0.2352205817308841
Haiti,HTI,1992,0.25165794051425633
Haiti,HTI,1993,0.46609794970964613
Haiti,HTI,1994,0.3898164216346066
Haiti,HTI,1995,0.014588477899279188
Haiti,HTI,1996,0.03281972906301538
Haiti,HTI,1997,0.02410439049518575
Haiti,HTI,1998,0.09429369001461145
Haiti,HTI,1999,0.22821422619950146
Haiti,HTI,2000,0.25069383487237107
Haiti,HTI,2001,0.28361992796264646
Haiti,HTI,2002,0.08196880091552829
Haiti,HTI,2003,0.07706634015776338
Haiti,HTI,2004,0.046420784670277215
Haiti,HTI,2005,0.2583728870426892
Haiti,HTI,2006,0.29494065033333877
Haiti,HTI,2007,0.49267524176058175
Haiti,HTI,2008,0.40899068091639296
Haiti,HTI,2009,0.33383090816057137
Haiti,HTI,2010,0.42262127631868973
Haiti,HTI,2011,0.7186071890329998
Haiti,HTI,2012,0.6537083018054984
Haiti,HTI,2013,0.6533080461389632
Haiti,HTI,2014,0.4500658491433078
Haiti,HTI,2015,0.6660687056586597
Haiti,HTI,2016,0.9218579916388563
Haiti,HTI,2017,0.5666909294336284
Haiti,HTI,2018,0.858716859027025
Haiti,HTI,2019,0.5666093302416765
Haiti,HTI,2020,0.43881057818701585
Honduras,HND,1990,0.2200943813201686
Honduras,HND,1991,0.10689815670919833
Honduras,HND,1992,0.08771605666324657
Honduras,HND,1993,0.07551084537062808
Honduras,HND,1994,0.06758804072378134
Honduras,HND,1995,0.01798700580569343
Honduras,HND,1996,0.004421525033815044
Honduras,HND,1997,0.009588428954325993
Honduras,HND,1998,0.05388089198160347
Honduras,HND,1999,0.09982817868665617
Honduras,HND,2000,0.16326039509730095
Honduras,HND,2001,0.11380903380496328
Honduras,HND,2002,0.01942567003609359
Honduras,HND,2003,0.04060021722807321
Honduras,HND,2004,0.02367024755410986
Honduras,HND,2005,0.10139319647822485
Honduras,HND,2006,0.07772508831290888
Honduras,HND,2007,0.10678207717105456
Honduras,HND,2008,0.2054389484039788
Honduras,HND,2009,0.18938250824409364
Honduras,HND,2010,0.21419894736856956
Honduras,HND,2011,0.22755223650387746
Honduras,HND,2012,0.325901906214464
Honduras,HND,2013,0.21547710884540064
Honduras,HND,2014,0.2118499665238669
Honduras,HND,2015,0.15795217725761876
Honduras,HND,2016,0.12067990180204453
Honduras,HND,2017,0.08404920420423909
Honduras,HND,2018,0.04256502293521131
Honduras,HND,2019,0.0683241569156236
Honduras,HND,2020,0.11096431890315654
India,IND,1990,0.03266314592589249
India,IND,1991,0.017956653054279396
India,IND,1992,0.04296038198477223
India,IND,1993,0.029324191139104058
India,IND,1994,0.04470256583328671
India,IND,1995,0.04971806482244207
India,IND,1996,0.03225527175388187
India,IND,1997,0.021281820635063415
India,IND,1998,0.01532111296382317
India,IND,1999,0.023743486703600748
India,IND,2000,0.025855991125923447
India,IND,2001,0.029126189295860583
India,IND,2002,0.027952651499931695
India,IND,2003,0.013038360138918601
India,IND,2004,0.02188613187636837
India,IND,2005,0.02866419328898311
India,IND,2006,0.01846067330215724
India,IND,2007,0.023297935010564517
India,IND,2008,0.030644534524009084
India,IND,2009,0.022778590148416586
India,IND,2010,0.02580656292727391
India,IND,2011,0.035192959663449645
India,IND,2012,0.028660800187727327
India,IND,2013,0.02206562077807494
India,IND,2014,0.019373405276641185
India,IND,2015,0.02068444896581558
India,IND,2016,0.018904389905456974
India,IND,2017,0.01904215425859985
India,IND,2018,0.015064485104114764
India,IND,2019,0.015069086847249372
India,IND,2020,0.009259823247322201
Indonesia,IDN,1990,0.025581386743827216
Indonesia,IDN,1991,0.007016273235102505
Indonesia,IDN,1992,0.002207131282498487
Indonesia,IDN,1993,0.01075206394407338
Indonesia,IDN,1994,0.009018535986634997
Indonesia,IDN,1995,0.009809527560088738
Indonesia,IDN,1996,0.009609812162445152
Indonesia,IDN,1997,0.011289958718530148
Indonesia,IDN,1998,0.010128662986501898
Indonesia,IDN,1999,0.021250820077080606
Indonesia,IDN,2000,0.028508247850698207
Indonesia,IDN,2001,0.020178307543874646
Indonesia,IDN,2002,0.01585083655504808
Indonesia,IDN,2003,0.011211594616721358
Indonesia,IDN,2004,0.016389814561125166
Indonesia,IDN,2005,0.009345460099029
Indonesia,IDN,2006,0.007348296971844131
Indonesia,IDN,2007,0.006699766083128253
Indonesia,IDN,2008,0.012950460724386461
Indonesia,IDN,2009,0.007793254232252314
Indonesia,IDN,2010,0.009578541731589228
Indonesia,IDN,2011,0.007963523485800848
Indonesia,IDN,2012,0.01195684758918516
Indonesia,IDN,2013,0.014276101426266901
Indonesia,IDN,2014,0.010061303951619584
Indonesia,IDN,2015,0.00982396550402275
Indonesia,IDN,2016,0.007579668695019366
Indonesia,IDN,2017,0.019186397788682787
Indonesia,IDN,2018,0.007425196085986595
Indonesia,IDN,2019,0.008520770396348146
Indonesia,IDN,2020,0.010067921296926999
"Iran, Islamic Rep.",IRN,1990,7.049908878728778e-4
"Iran, Islamic Rep.",IRN,1991,7.895010542439227e-5
"Iran, Islamic Rep.",IRN,1992,0
"Iran, Islamic Rep.",IRN,1993,4.6449407305562783e-7
"Iran, Islamic Rep.",IRN,1994,4.72518333711348e-6
"Iran, Islamic Rep.",IRN,1995,7.526082883814077e-4
"Iran, Islamic Rep.",IRN,1996,0.006378566004989696
"Iran, Islamic Rep.",IRN,1997,0.006025566381834683
"Iran, Islamic Rep.",IRN,1998,0.0034695486609127436
"Iran, Islamic Rep.",IRN,1999,0.001762176118936609
"Iran, Islamic Rep.",IRN,2000,0.0010744292822765782
"Iran, Islamic Rep.",IRN,2001,0.001990531035895568
"Iran, Islamic Rep.",IRN,2002,7.367678391536471e-4
"Iran, Islamic Rep.",IRN,2003,1.644556163693111e-4
"Iran, Islamic Rep.",IRN,2004,9.711143041173264e-4
"Iran, Islamic Rep.",IRN,2005,0.01018188693060928
"Iran, Islamic Rep.",IRN,2006,0.0015016147932207266
"Iran, Islamic Rep.",IRN,2007,7.914361063986091e-4
"Iran, Islamic Rep.",IRN,2008,7.744316309719933e-4
"Iran, Islamic Rep.",IRN,2009,5.673322077156136e-4
"Iran, Islamic Rep.",IRN,2010,6.122121776451291e-4
"Iran, Islamic Rep.",IRN,2011,8.859977747926784e-4
"Iran, Islamic Rep.",IRN,2012,6.376280436503082e-4
"Iran, Islamic Rep.",IRN,2013,2.0332056453146273e-4
"Iran, Islamic Rep.",IRN,2014,5.471923190232641e-4
"Iran, Islamic Rep.",IRN,2015,4.86265748518543e-4
"Iran, Islamic Rep.",IRN,2016,3.80461822119465e-4
"Iran, Islamic Rep.",IRN,2017,4.1647496987621863e-4
"Iran, Islamic Rep.",IRN,2018,3.626477318827424e-4
"Iran, Islamic Rep.",IRN,2019,1.1397572662403897e-4
"Iran, Islamic Rep.",IRN,2020,0.0013323201846842231
Kenya,KEN,1990,0.221743961730123
Kenya,KEN,1991,0.14543081312389636
Kenya,KEN,1992,0.11683428422693339
Kenya,KEN,1993,0.055234092977149894
Kenya,KEN,1994,0.10456529530150614
Kenya,KEN,1995,0.05818129671237654
Kenya,KEN,1996,0.09692561048159698
Kenya,KEN,1997,0.021347577278259568
Kenya,KEN,1998,0.07809621766800534
Kenya,KEN,1999,0.07741566666233403
Kenya,KEN,2000,0.1114360021626974
Kenya,KEN,2001,0.20858858020154422
Kenya,KEN,2002,0.13329794355211474
Kenya,KEN,2003,0.14085907784656654
Kenya,KEN,2004,0.11741480203831137
Kenya,KEN,2005,0.12400019118616447
Kenya,KEN,2006,0.14640874369810086
Kenya,KEN,2007,0.17999082823747736
Kenya,KEN,2008,0.2601444936146005
Kenya,KEN,2009,0.30330817303047153
Kenya,KEN,2010,0.22767981519118707
Kenya,KEN,2011,0.3420559448056089
Kenya,KEN,2012,0.38895887035315563
Kenya,KEN,2013,0.40382710843054337
Kenya,KEN,2014,0.34658903710900063
Kenya,KEN,2015,0.3612157829298582
Kenya,KEN,2016,0.3650402825701391
Kenya,KEN,2017,0.3992736650945202
Kenya,KEN,2018,0.31971615462750114
Kenya,KEN,2019,0.42505931983257034
Kenya,KEN,2020,0.25092038599675703
Kiribati,KIR,1990,0.2927834371078464
Kiribati,KIR,1991,0.06273930795168137
Kiribati,KIR,1992,0.04056114048408694
Kiribati,KIR,1993,0.387817341234899
Kiribati,KIR,1994,0.38036572339993463
Kiribati,KIR,1995,0.06676165122031184
Kiribati,KIR,1996,0.012957030989432084
Kiribati,KIR,1997,0.03738422054855577
Kiribati,KIR,1998,0.03189423013419058
Kiribati,KIR,1999,0.025914061970469932
Kiribati,KIR,2000,0.620413131000321
Kiribati,KIR,2001,0.014697527684388851
Kiribati,KIR,2002,0.05962601410191903
Kiribati,KIR,2003,0.021919969532177605
Kiribati,KIR,2004,0.033424560794511976
Kiribati,KIR,2005,0.03538620629401005
Kiribati,KIR,2006,0.0715153904550874
Kiribati,KIR,2007,0.297011294701102
Kiribati,KIR,2008,0.3614753562230307
Kiribati,KIR,2009,0.2046109285084747
Kiribati,KIR,2010,0.15146354799855483
Kiribati,KIR,2011,0.5764934522327902
Kiribati,KIR,2012,1.4502508558457363
Kiribati,KIR,2013,1.2902147412358396
Kiribati,KIR,2014,0.2529032010056216
Kiribati,KIR,2015,0.969516672302851
Kiribati,KIR,2016,1.1299487612844656
Kiribati,KIR,2017,1.4444398902328606
Kiribati,KIR,2018,1.2782431403756112
Kiribati,KIR,2019,1.3077745926784776
Kiribati,KIR,2020,2.707185821582422
"Korea, Dem. People's Rep.",PRK,1990,NA
"Korea, Dem. People's Rep.",PRK,1991,NA
"Korea, Dem. People's Rep.",PRK,1992,NA
"Korea, Dem. People's Rep.",PRK,1993,NA
"Korea, Dem. People's Rep.",PRK,1994,NA
"Korea, Dem. People's Rep.",PRK,1995,NA
"Korea, Dem. People's Rep.",PRK,1996,NA
"Korea, Dem. People's Rep.",PRK,1997,NA
"Korea, Dem. People's Rep.",PRK,1998,NA
"Korea, Dem. People's Rep.",PRK,1999,NA
"Korea, Dem. People's Rep.",PRK,2000,NA
"Korea, Dem. People's Rep.",PRK,2001,NA
"Korea, Dem. People's Rep.",PRK,2002,NA
"Korea, Dem. People's Rep.",PRK,2003,NA
"Korea, Dem. People's Rep.",PRK,2004,NA
"Korea, Dem. People's Rep.",PRK,2005,NA
"Korea, Dem. People's Rep.",PRK,2006,NA
"Korea, Dem. People's Rep.",PRK,2007,NA
"Korea, Dem. People's Rep.",PRK,2008,NA
"Korea, Dem. People's Rep.",PRK,2009,NA
"Korea, Dem. People's Rep.",PRK,2010,NA
"Korea, Dem. People's Rep.",PRK,2011,NA
"Korea, Dem. People's Rep.",PRK,2012,NA
"Korea, Dem. People's Rep.",PRK,2013,NA
"Korea, Dem. People's Rep.",PRK,2014,NA
"Korea, Dem. People's Rep.",PRK,2015,NA
"Korea, Dem. People's Rep.",PRK,2016,NA
"Korea, Dem. People's Rep.",PRK,2017,NA
"Korea, Dem. People's Rep.",PRK,2018,NA
"Korea, Dem. People's Rep.",PRK,2019,NA
"Korea, Dem. People's Rep.",PRK,2020,NA
Kyrgyz Republic,KGZ,1990,0
Kyrgyz Republic,KGZ,1991,0
Kyrgyz Republic,KGZ,1992,0
Kyrgyz Republic,KGZ,1993,5.36161977791098e-4
Kyrgyz Republic,KGZ,1994,4.2373683358687045e-4
Kyrgyz Republic,KGZ,1995,0.2439938068211312
Kyrgyz Republic,KGZ,1996,0.02548730787784124
Kyrgyz Republic,KGZ,1997,0.1465516108114671
Kyrgyz Republic,KGZ,1998,0.14630222019076738
Kyrgyz Republic,KGZ,1999,0.10413368934397227
Kyrgyz Republic,KGZ,2000,0.12331245845527891
Kyrgyz Republic,KGZ,2001,0.0756889769648459
Kyrgyz Republic,KGZ,2002,0.17895920588737518
Kyrgyz Republic,KGZ,2003,0.40808832533399614
Kyrgyz Republic,KGZ,2004,0.041371400364453574
Kyrgyz Republic,KGZ,2005,0.12133503986618031
Kyrgyz Republic,KGZ,2006,0.042348641782926605
Kyrgyz Republic,KGZ,2007,0.04255862613877957
Kyrgyz Republic,KGZ,2008,0.1538110338147416
Kyrgyz Republic,KGZ,2009,0.11075118423837947
Kyrgyz Republic,KGZ,2010,0.13667730913001336
Kyrgyz Republic,KGZ,2011,0.1575578093575097
Kyrgyz Republic,KGZ,2012,0.19150822350776706
Kyrgyz Republic,KGZ,2013,0.17528264948963407
Kyrgyz Republic,KGZ,2014,0.2576449871352386
Kyrgyz Republic,KGZ,2015,0.14090668923345942
Kyrgyz Republic,KGZ,2016,0.06267460364011965
Kyrgyz Republic,KGZ,2017,0.131090695880488
Kyrgyz Republic,KGZ,2018,0.16728178336729244
Kyrgyz Republic,KGZ,2019,0.14164287881999998
Kyrgyz Republic,KGZ,2020,0.11249519131296928
Lao PDR,LAO,1990,0.012243951883231054
Lao PDR,LAO,1991,0.023724413032623837
Lao PDR,LAO,1992,0.024798682766209657
Lao PDR,LAO,1993,0.0052345220188825614
Lao PDR,LAO,1994,0.018547176127432542
Lao PDR,LAO,1995,0.0077708603411175215
Lao PDR,LAO,1996,0.010432578580484885
Lao PDR,LAO,1997,0.022982743758934762
Lao PDR,LAO,1998,0.026435655121020318
Lao PDR,LAO,1999,0.05139512491330259
Lao PDR,LAO,2000,0.2113753120890491
Lao PDR,LAO,2001,0.06499403025181572
Lao PDR,LAO,2002,0.07620090814020095
Lao PDR,LAO,2003,0.08184473200409682
Lao PDR,LAO,2004,0.04195522737187883
Lao PDR,LAO,2005,0.02172876999345369
Lao PDR,LAO,2006,0.039380924703004104
Lao PDR,LAO,2007,0.07035814870382148
Lao PDR,LAO,2008,0.1413445123000397
Lao PDR,LAO,2009,0.20177076570615668
Lao PDR,LAO,2010,0.40740690493784515
Lao PDR,LAO,2011,0.27407081735356054
Lao PDR,LAO,2012,0.32339532352723377
Lao PDR,LAO,2013,0.31985153762451807
Lao PDR,LAO,2014,0.2998664155050568
Lao PDR,LAO,2015,0.3707166704300949
Lao PDR,LAO,2016,0.14918207655701038
Lao PDR,LAO,2017,0.1913026009309787
Lao PDR,LAO,2018,0.3738442903211415
Lao PDR,LAO,2019,0.17583426035473532
Lao PDR,LAO,2020,0.17259204802770556
Lebanon,LBN,1990,0.002384675181775751
Lebanon,LBN,1991,8.11353607690064e-5
Lebanon,LBN,1992,0
Lebanon,LBN,1993,0
Lebanon,LBN,1994,3.1520589011610565e-4
Lebanon,LBN,1995,4.555540819914702e-6
Lebanon,LBN,1996,4.093545865006914e-6
Lebanon,LBN,1997,1.1342271240777657e-4
Lebanon,LBN,1998,4.5718573904392695e-4
Lebanon,LBN,1999,0.0019366107451360365
Lebanon,LBN,2000,0.002104778150582966
Lebanon,LBN,2001,0.002049347212376492
Lebanon,LBN,2002,0.004739037732503779
Lebanon,LBN,2003,0.0022167717535929465
Lebanon,LBN,2004,8.882194232188456e-4
Lebanon,LBN,2005,0.0015959183780776334
Lebanon,LBN,2006,0.02666320090441756
Lebanon,LBN,2007,0.008686627044078977
Lebanon,LBN,2008,0.0085364136734576
Lebanon,LBN,2009,0.002116574594739068
Lebanon,LBN,2010,0.010002774621720511
Lebanon,LBN,2011,0.010863202947015968
Lebanon,LBN,2012,0.009908571149704915
Lebanon,LBN,2013,0.005928455600229371
Lebanon,LBN,2014,0.0063541801835350934
Lebanon,LBN,2015,0.006130664119746555
Lebanon,LBN,2016,0.0038950398915336398
Lebanon,LBN,2017,0.007792252782458352
Lebanon,LBN,2018,0.009824377113302911
Lebanon,LBN,2019,0.00747690401845555
Lebanon,LBN,2020,0.06549145690103662
Lesotho,LSO,1990,0.17823643766714184
Lesotho,LSO,1991,0.1984635639838136
Lesotho,LSO,1992,0.16375217084941068
Lesotho,LSO,1993,0.062493263455632796
Lesotho,LSO,1994,0.037606993070504115
Lesotho,LSO,1995,0.0812012092164701
Lesotho,LSO,1996,0.08612188772245793
Lesotho,LSO,1997,0.10513836742500673
Lesotho,LSO,1998,0.04947525695150626
Lesotho,LSO,1999,0.0572451775836958
Lesotho,LSO,2000,0.03329955497112482
Lesotho,LSO,2001,0.08709577393905624
Lesotho,LSO,2002,0.1070485166447984
Lesotho,LSO,2003,0.30644673375265924
Lesotho,LSO,2004,0.11959585533367739
Lesotho,LSO,2005,0.09658428437288186
Lesotho,LSO,2006,0.055449141520515506
Lesotho,LSO,2007,0.08833248145948279
Lesotho,LSO,2008,0.683439766481225
Lesotho,LSO,2009,0.35870145318107616
Lesotho,LSO,2010,0.310354973403291
Lesotho,LSO,2011,0.43585757035249983
Lesotho,LSO,2012,0.4768570757090631
Lesotho,LSO,2013,0.3974729493099049
Lesotho,LSO,2014,0.4535015246037749
Lesotho,LSO,2015,0.2924026421216272
Lesotho,LSO,2016,0.33086028935292733
Lesotho,LSO,2017,0.3995582530910998
Lesotho,LSO,2018,0.49788814491775485
Lesotho,LSO,2019,0.6043592175742556
Lesotho,LSO,2020,0.3868750703483614
Liberia,LBR,1990,NA
Liberia,LBR,1991,NA
Liberia,LBR,1992,NA
Liberia,LBR,1993,NA
Liberia,LBR,1994,NA
Liberia,LBR,1995,NA
Liberia,LBR,1996,NA
Liberia,LBR,1997,NA
Liberia,LBR,1998,NA
Liberia,LBR,1999,NA
Liberia,LBR,2000,0.3056609985963645
Liberia,LBR,2001,0.2725468326970569
Liberia,LBR,2002,0.07206280622056327
Liberia,LBR,2003,0.23652376940617262
Liberia,LBR,2004,0.23355854349847502
Liberia,LBR,2005,0.1398304231719195
Liberia,LBR,2006,0.3123536778949115
Liberia,LBR,2007,0.47247255686482803
Liberia,LBR,2008,1.264453192369862
Liberia,LBR,2009,1.5701723134019492
Liberia,LBR,2010,1.533036157120569
Liberia,LBR,2011,1.7537519266653114
Liberia,LBR,2012,2.063712786233295
Liberia,LBR,2013,1.8723048190693117
Liberia,LBR,2014,2.272192890731567
Liberia,LBR,2015,1.5472212195084236
Liberia,LBR,2016,1.184426556778877
Liberia,LBR,2017,1.3975571360576626
Liberia,LBR,2018,1.6467371587748425
Liberia,LBR,2019,1.6380419803712618
Liberia,LBR,2020,1.0388513922858655
Madagascar,MDG,1990,0.024659605820994246
Madagascar,MDG,1991,0.0736154102847724
Madagascar,MDG,1992,0.014703974921966206
Madagascar,MDG,1993,0.026288802382317115
Madagascar,MDG,1994,0.13832906395353045
Madagascar,MDG,1995,0.3149602473431109
Madagascar,MDG,1996,0.11050785127146433
Madagascar,MDG,1997,0.02226031670917923
Madagascar,MDG,1998,0.03597230642418394
Madagascar,MDG,1999,0.1613415290011738
Madagascar,MDG,2000,0.2049072970905133
Madagascar,MDG,2001,0.3070691279052246
Madagascar,MDG,2002,0.1970418187408426
Madagascar,MDG,2003,0.35644576172144193
Madagascar,MDG,2004,0.2206255283321843
Madagascar,MDG,2005,0.10975478249118206
Madagascar,MDG,2006,0.15524985927560547
Madagascar,MDG,2007,0.14585552555642955
Madagascar,MDG,2008,0.49272592653197506
Madagascar,MDG,2009,0.3633165954863986
Madagascar,MDG,2010,0.46833281487612166
Madagascar,MDG,2011,0.5483110397508627
Madagascar,MDG,2012,0.6761575824575946
Madagascar,MDG,2013,0.8263844188305265
Madagascar,MDG,2014,0.7890430581263159
Madagascar,MDG,2015,0.6664652581643679
Madagascar,MDG,2016,0.629766090672001
Madagascar,MDG,2017,0.475931373069532
Madagascar,MDG,2018,0.533911161512671
Madagascar,MDG,2019,0.5692397143864463
Madagascar,MDG,2020,0.5399275570552469
Malawi,MWI,1990,0.43362681422657606
Malawi,MWI,1991,0.4768813818451422
Malawi,MWI,1992,0.3120543774351528
Malawi,MWI,1993,0.7125218076234752
Malawi,MWI,1994,0.2598924147343559
Malawi,MWI,1995,0.9437738248793299
Malawi,MWI,1996,0.29730465460865463
Malawi,MWI,1997,1.3832636802869254
Malawi,MWI,1998,0.9071319655401869
Malawi,MWI,1999,2.0936347313152868
Malawi,MWI,2000,2.1859373550859074
Malawi,MWI,2001,1.3482301716443337
Malawi,MWI,2002,1.2231178505231561
Malawi,MWI,2003,1.4899176884314562
Malawi,MWI,2004,0.8017034161359025
Malawi,MWI,2005,0.8990294387263694
Malawi,MWI,2006,0.6238652797584054
Malawi,MWI,2007,0.5206270172473184
Malawi,MWI,2008,1.3533729404108845
Malawi,MWI,2009,1.3045169315285436
Malawi,MWI,2010,1.0301865941085016
Malawi,MWI,2011,2.2112914959132572
Malawi,MWI,2012,3.442760105008138
Malawi,MWI,2013,3.234906426197563
Malawi,MWI,2014,2.5564779522420493
Malawi,MWI,2015,2.3553427204720814
Malawi,MWI,2016,2.2435798888225236
Malawi,MWI,2017,1.9779210396296407
Malawi,MWI,2018,2.4206234749775257
Malawi,MWI,2019,2.178592235826582
Malawi,MWI,2020,1.9569836517149628
Mali,MLI,1990,0.0715201365625636
Mali,MLI,1991,0.16419517278566323
Mali,MLI,1992,0.039529101611770645
Mali,MLI,1993,0.01818567931666241
Mali,MLI,1994,0.2781722588913784
Mali,MLI,1995,0.12926757842541348
Mali,MLI,1996,0.049113905001030626
Mali,MLI,1997,0.06190563992647295
Mali,MLI,1998,0.029998030513660026
Mali,MLI,1999,0.29870172048161564
Mali,MLI,2000,0.3220073493902711
Mali,MLI,2001,0.45427801089205755
Mali,MLI,2002,0.10971137863038567
Mali,MLI,2003,0.17948010227387093
Mali,MLI,2004,0.21626442213274186
Mali,MLI,2005,0.22689316384100636
Mali,MLI,2006,0.29171173698434
Mali,MLI,2007,0.39509136272422873
Mali,MLI,2008,0.6279589797908679
Mali,MLI,2009,0.7348943499503483
Mali,MLI,2010,0.8698432788943632
Mali,MLI,2011,1.067707764527365
Mali,MLI,2012,1.1716515176239237
Mali,MLI,2013,1.284497714855002
Mali,MLI,2014,1.0105582058066247
Mali,MLI,2015,1.0286487918768552
Mali,MLI,2016,1.0648735205061848
Mali,MLI,2017,0.8972558282239202
Mali,MLI,2018,0.9361936595981646
Mali,MLI,2019,1.038652999699875
Mali,MLI,2020,0.8323187484840255
Mauritania,MRT,1990,0.007625670290048922
Mauritania,MRT,1991,0.016208703870371863
Mauritania,MRT,1992,0.02426096678541655
Mauritania,MRT,1993,0.023304511952056677
Mauritania,MRT,1994,0.03472118904781772
Mauritania,MRT,1995,0.027287152514344014
Mauritania,MRT,1996,0.05168858937343212
Mauritania,MRT,1997,0.05446788863611271
Mauritania,MRT,1998,0.04022887252053486
Mauritania,MRT,1999,0.07574723284114701
Mauritania,MRT,2000,0.12857784290387603
Mauritania,MRT,2001,0.10507493387274305
Mauritania,MRT,2002,0.16777120818297678
Mauritania,MRT,2003,0.23231013393935407
Mauritania,MRT,2004,0.1634817548562379
Mauritania,MRT,2005,0.03933660197549399
Mauritania,MRT,2006,0.04522160365059238
Mauritania,MRT,2007,0.1721556322024438
Mauritania,MRT,2008,0.379270249892023
Mauritania,MRT,2009,0.3210758935682324
Mauritania,MRT,2010,0.26965815176782637
Mauritania,MRT,2011,0.303156160649686
Mauritania,MRT,2012,0.23436366226174976
Mauritania,MRT,2013,0.34901873713469145
Mauritania,MRT,2014,0.4007366565682778
Mauritania,MRT,2015,0.31346596861738574
Mauritania,MRT,2016,0.18071567267304417
Mauritania,MRT,2017,0.25226833505622714
Mauritania,MRT,2018,0.2718874109536782
Mauritania,MRT,2019,0.2188045202029642
Mauritania,MRT,2020,0.20930896529697712
"Micronesia, Fed. Sts.",FSM,1990,0.14928287105772328
"Micronesia, Fed. Sts.",FSM,1991,0.03215642891133624
"Micronesia, Fed. Sts.",FSM,1992,3.361883980289958
"Micronesia, Fed. Sts.",FSM,1993,0.14294929200641346
"Micronesia, Fed. Sts.",FSM,1994,0.10470845872932626
"Micronesia, Fed. Sts.",FSM,1995,0.047323795827261525
"Micronesia, Fed. Sts.",FSM,1996,0.003963187888346154
"Micronesia, Fed. Sts.",FSM,1997,0.013359825656665885
"Micronesia, Fed. Sts.",FSM,1998,0.01128040415021793
"Micronesia, Fed. Sts.",FSM,1999,0.00842989697991836
"Micronesia, Fed. Sts.",FSM,2000,0.15085278866577703
"Micronesia, Fed. Sts.",FSM,2001,0.00661129586744707
"Micronesia, Fed. Sts.",FSM,2002,0.020665319620768653
"Micronesia, Fed. Sts.",FSM,2003,0.007090086459452048
"Micronesia, Fed. Sts.",FSM,2004,0.013676640491072716
"Micronesia, Fed. Sts.",FSM,2005,0.022442181751297315
"Micronesia, Fed. Sts.",FSM,2006,0.039305677387471316
"Micronesia, Fed. Sts.",FSM,2007,0.0902509232245203
"Micronesia, Fed. Sts.",FSM,2008,0.14816058480914446
"Micronesia, Fed. Sts.",FSM,2009,0.08310353193586112
"Micronesia, Fed. Sts.",FSM,2010,0.010394665497481411
"Micronesia, Fed. Sts.",FSM,2011,0.0341887314565674
"Micronesia, Fed. Sts.",FSM,2012,0.22863169177934306
"Micronesia, Fed. Sts.",FSM,2013,0.33295859881849915
"Micronesia, Fed. Sts.",FSM,2014,0.1262775200429903
"Micronesia, Fed. Sts.",FSM,2015,0.18484002175108907
"Micronesia, Fed. Sts.",FSM,2016,0.14623963103201224
"Micronesia, Fed. Sts.",FSM,2017,0.09972426615517718
"Micronesia, Fed. Sts.",FSM,2018,0.3234954171241144
"Micronesia, Fed. Sts.",FSM,2019,0.2141620475414702
"Micronesia, Fed. Sts.",FSM,2020,0.4994040541915067
Mongolia,MNG,1990,1.0452308557060144e-4
Mongolia,MNG,1991,0
Mongolia,MNG,1992,9.461419795319686e-5
Mongolia,MNG,1993,0.0032244444563607755
Mongolia,MNG,1994,0.0067605744257272305
Mongolia,MNG,1995,5.995595630054127e-5
Mongolia,MNG,1996,0.011113261887302557
Mongolia,MNG,1997,0.011768919258377754
Mongolia,MNG,1998,0.044871429055888624
Mongolia,MNG,1999,0.019104416223436126
Mongolia,MNG,2000,0.030440771523533843
Mongolia,MNG,2001,0.033537227155229415
Mongolia,MNG,2002,0.0035471629821931267
Mongolia,MNG,2003,0.030833687707880544
Mongolia,MNG,2004,0.024711397634339115
Mongolia,MNG,2005,0.03708620985999407
Mongolia,MNG,2006,0.03144841465194176
Mongolia,MNG,2007,0.04768049572657345
Mongolia,MNG,2008,0.04840862230629902
Mongolia,MNG,2009,0.04039040811705058
Mongolia,MNG,2010,0.06929156477403935
Mongolia,MNG,2011,0.07671870107441334
Mongolia,MNG,2012,0.05277731192045102
Mongolia,MNG,2013,0.026539315041071092
Mongolia,MNG,2014,0.03621213612151977
Mongolia,MNG,2015,0.06240161055618781
Mongolia,MNG,2016,0.02999235881698079
Mongolia,MNG,2017,0.02274887154170541
Mongolia,MNG,2018,0.8373042794988569
Mongolia,MNG,2019,0.05289756202276185
Mongolia,MNG,2020,0.03101594656693064
Morocco,MAR,1990,0.05812485914242287
Morocco,MAR,1991,0.06533516908667024
Morocco,MAR,1992,0.058969043671478656
Morocco,MAR,1993,0.06384138773612937
Morocco,MAR,1994,0.0654464651179776
Morocco,MAR,1995,0.08370026567678873
Morocco,MAR,1996,0.061417949157204825
Morocco,MAR,1997,0.030192623843877473
Morocco,MAR,1998,0.06095807494512734
Morocco,MAR,1999,0.03818240769650708
Morocco,MAR,2000,0.049650571617793744
Morocco,MAR,2001,0.03026446053815278
Morocco,MAR,2002,0.018900280532700396
Morocco,MAR,2003,0.0275069871366969
Morocco,MAR,2004,0.010565731024997721
Morocco,MAR,2005,0.008622400183370444
Morocco,MAR,2006,0.011882940768444353
Morocco,MAR,2007,0.015666417809363786
Morocco,MAR,2008,0.01489245167961519
Morocco,MAR,2009,0.014310006578628891
Morocco,MAR,2010,0.015144473353713083
Morocco,MAR,2011,0.011631158509347143
Morocco,MAR,2012,0.012634348628480884
Morocco,MAR,2013,0.01162830181659995
Morocco,MAR,2014,0.013501611272290841
Morocco,MAR,2015,0.0054712264749035445
Morocco,MAR,2016,0.0039877466438417875
Morocco,MAR,2017,0.005792254125072896
Morocco,MAR,2018,0.004895238729218326
Morocco,MAR,2019,0.007642354006777029
Morocco,MAR,2020,0.00598347942770507
Mozambique,MOZ,1990,3.578025317068565
Mozambique,MOZ,1991,2.501591416369402
Mozambique,MOZ,1992,1.8247586674830532
Mozambique,MOZ,1993,0.02834406372711599
Mozambique,MOZ,1994,0.8470768863923928
Mozambique,MOZ,1995,0.03308953301313685
Mozambique,MOZ,1996,0.8323758928345317
Mozambique,MOZ,1997,0.42620911348632473
Mozambique,MOZ,1998,0.8101029910365666
Mozambique,MOZ,1999,0.9167516627068779
Mozambique,MOZ,2000,0.8965724549154992
Mozambique,MOZ,2001,0.895214255586556
Mozambique,MOZ,2002,0.7048140149473988
Mozambique,MOZ,2003,0.43750853397027734
Mozambique,MOZ,2004,0.3693129667367309
Mozambique,MOZ,2005,0.4231573960830328
Mozambique,MOZ,2006,0.3737502562638224
Mozambique,MOZ,2007,0.4042030045973975
Mozambique,MOZ,2008,0.8382630655634468
Mozambique,MOZ,2009,0.8681984920110011
Mozambique,MOZ,2010,0.7892806855400175
Mozambique,MOZ,2011,0.9981997448393308
Mozambique,MOZ,2012,1.2304687829962146
Mozambique,MOZ,2013,1.5559385553989427
Mozambique,MOZ,2014,1.2610111507634794
Mozambique,MOZ,2015,0.7964531800461395
Mozambique,MOZ,2016,0.8616464796002211
Mozambique,MOZ,2017,1.1312781681268314
Mozambique,MOZ,2018,1.4327912204217679
Mozambique,MOZ,2019,1.1652869046571273
Mozambique,MOZ,2020,0.9355249232376668
Myanmar,MMR,1990,0
Myanmar,MMR,1991,0
Myanmar,MMR,1992,0
Myanmar,MMR,1993,1.1533231861898809e-5
Myanmar,MMR,1994,0.003456304765299544
Myanmar,MMR,1995,2.2165419175650393e-4
Myanmar,MMR,1996,0.002899215821417297
Myanmar,MMR,1997,0.0018792137737362216
Myanmar,MMR,1998,0.0058189248914454934
Myanmar,MMR,1999,0.04765632308200051
Myanmar,MMR,2000,0.06892930006821278
Myanmar,MMR,2001,0.046533988729598096
Myanmar,MMR,2002,0.03138003342168468
Myanmar,MMR,2003,0.040222396624614
Myanmar,MMR,2004,0.03208694473179939
Myanmar,MMR,2005,0.05415274880708177
Myanmar,MMR,2006,0.03912754451600144
Myanmar,MMR,2007,0.02898668935814898
Myanmar,MMR,2008,0.040311870309630946
Myanmar,MMR,2009,0.034402252344604346
Myanmar,MMR,2010,0.03270682716952697
Myanmar,MMR,2011,0.055555865033085974
Myanmar,MMR,2012,0.13858312421939364
Myanmar,MMR,2013,0.09676778913363346
Myanmar,MMR,2014,0.19281772258187738
Myanmar,MMR,2015,0.09075854227711792
Myanmar,MMR,2016,0.10406779620941806
Myanmar,MMR,2017,0.09555074354840314
Myanmar,MMR,2018,0.11103773741187348
Myanmar,MMR,2019,0.09250422283468064
Myanmar,MMR,2020,0.13766137776394463
Nepal,NPL,1990,0.1432601220806978
Nepal,NPL,1991,0.2901317677636186
Nepal,NPL,1992,0.13834272283103624
Nepal,NPL,1993,0.13532132924624568
Nepal,NPL,1994,0.017164327116047463
Nepal,NPL,1995,0.09045351779717978
Nepal,NPL,1996,0.10040357598380348
Nepal,NPL,1997,0.3095597617155923
Nepal,NPL,1998,0.3764842802043618
Nepal,NPL,1999,0.2612234156677451
Nepal,NPL,2000,0.26369892931804706
Nepal,NPL,2001,0.2663047936487339
Nepal,NPL,2002,0.2665670377530743
Nepal,NPL,2003,0.11083253843700248
Nepal,NPL,2004,0.13393946438477908
Nepal,NPL,2005,0.2588155808239171
Nepal,NPL,2006,0.31559018550493334
Nepal,NPL,2007,0.19865391894655374
Nepal,NPL,2008,0.33944656321866123
Nepal,NPL,2009,0.2807499824366363
Nepal,NPL,2010,0.3878900556282639
Nepal,NPL,2011,0.30855175354872155
Nepal,NPL,2012,0.2835099318599136
Nepal,NPL,2013,0.33624788963160895
Nepal,NPL,2014,0.37369975778902553
Nepal,NPL,2015,0.534366788127204
Nepal,NPL,2016,0.3964840566834752
Nepal,NPL,2017,0.3878674925754239
Nepal,NPL,2018,0.37340939957670133
Nepal,NPL,2019,0.3901612907527666
Nepal,NPL,2020,0.25396533554079803
Nicaragua,NIC,1990,0.19314426654035144
Nicaragua,NIC,1991,0.31112112878639786
Nicaragua,NIC,1992,0.26310620888505776
Nicaragua,NIC,1993,0.1248365452627783
Nicaragua,NIC,1994,0.14360189512756702
Nicaragua,NIC,1995,0.041689300948125674
Nicaragua,NIC,1996,0.023734558374438962
Nicaragua,NIC,1997,0.14216463008823912
Nicaragua,NIC,1998,0.33515431649674754
Nicaragua,NIC,1999,0.1830814898614925
Nicaragua,NIC,2000,0.4148368356647879
Nicaragua,NIC,2001,0.34984230531237953
Nicaragua,NIC,2002,0.31860053804672966
Nicaragua,NIC,2003,0.1885987769058923
Nicaragua,NIC,2004,0.12018667017693332
Nicaragua,NIC,2005,0.2573747683253337
Nicaragua,NIC,2006,0.40621535976944007
Nicaragua,NIC,2007,0.4788363701298875
Nicaragua,NIC,2008,0.47751851692044184
Nicaragua,NIC,2009,0.5507724420779687
Nicaragua,NIC,2010,0.35904376936231597
Nicaragua,NIC,2011,0.3730862922756548
Nicaragua,NIC,2012,0.385230829870241
Nicaragua,NIC,2013,0.28475471746784
Nicaragua,NIC,2014,0.25234625964604523
Nicaragua,NIC,2015,0.2005768482133003
Nicaragua,NIC,2016,0.12339134641145975
Nicaragua,NIC,2017,0.10969038318971636
Nicaragua,NIC,2018,0.07572421759943512
Nicaragua,NIC,2019,0.07421376821821896
Nicaragua,NIC,2020,0.0558097516254732
Niger,NER,1990,0.023363803173349715
Niger,NER,1991,0.08494407088159531
Niger,NER,1992,0.016681083565204497
Niger,NER,1993,0.06264588127276664
Niger,NER,1994,0.2537085282483299
Niger,NER,1995,0.2115180923476677
Niger,NER,1996,0.06751461837396282
Niger,NER,1997,0.047153304328486426
Niger,NER,1998,0.09061565719018565
Niger,NER,1999,0.04620491631424979
Niger,NER,2000,0.060347832260631964
Niger,NER,2001,0.12410346307976025
Niger,NER,2002,0.08382167002891805
Niger,NER,2003,0.14342730869065548
Niger,NER,2004,0.07555429267663527
Niger,NER,2005,0.12870004577817246
Niger,NER,2006,0.27221164800244857
Niger,NER,2007,0.3965624398457609
Niger,NER,2008,0.9330126429727346
Niger,NER,2009,0.6522413443771538
Niger,NER,2010,0.9072867230009521
Niger,NER,2011,1.0224659072577225
Niger,NER,2012,0.582509627101787
Niger,NER,2013,0.9824092879144539
Niger,NER,2014,0.7782985624440381
Niger,NER,2015,0.8114732755564374
Niger,NER,2016,0.8830243345406689
Niger,NER,2017,0.7251436851141434
Niger,NER,2018,0.8378328819079373
Niger,NER,2019,1.2367387688082034
Niger,NER,2020,0.6277877039896744
Nigeria,NGA,1990,0.004661213351699646
Nigeria,NGA,1991,0.012350385095753537
Nigeria,NGA,1992,0.008573986459181707
Nigeria,NGA,1993,0.013366418317742776
Nigeria,NGA,1994,0.008542859728272813
Nigeria,NGA,1995,0.007148724781857815
Nigeria,NGA,1996,0.004540375446960667
Nigeria,NGA,1997,0.004547702327825353
Nigeria,NGA,1998,0.015065255731922397
Nigeria,NGA,1999,0.02307269688007762
Nigeria,NGA,2000,0.04856323918185613
Nigeria,NGA,2001,0.05351955776951048
Nigeria,NGA,2002,0.034826249196969215
Nigeria,NGA,2003,0.032427442425065574
Nigeria,NGA,2004,0.030007264929040676
Nigeria,NGA,2005,0.035072306131238726
Nigeria,NGA,2006,0.051985201755140674
Nigeria,NGA,2007,0.055246861762578786
Nigeria,NGA,2008,0.09856023515251952
Nigeria,NGA,2009,0.07769016528809954
Nigeria,NGA,2010,0.04520028197047603
Nigeria,NGA,2011,0.07421869039737952
Nigeria,NGA,2012,0.06472321586683194
Nigeria,NGA,2013,0.13300212492806232
Nigeria,NGA,2014,0.08630066252191403
Nigeria,NGA,2015,0.14039028288511585
Nigeria,NGA,2016,0.11227840141839585
Nigeria,NGA,2017,0.13450029040992792
Nigeria,NGA,2018,0.09647267269436519
Nigeria,NGA,2019,0.1273882349245738
Nigeria,NGA,2020,0.08859429224839675
Pakistan,PAK,1990,0.06450594946875994
Pakistan,PAK,1991,0.01570194983408719
Pakistan,PAK,1992,0.028190285090250466
Pakistan,PAK,1993,0.015868459397440037
Pakistan,PAK,1994,0.11459186677320325
Pakistan,PAK,1995,0.030577346848832086
Pakistan,PAK,1996,0.0340706037006183
Pakistan,PAK,1997,0.05486343345691155
Pakistan,PAK,1998,0.05443666492057754
Pakistan,PAK,1999,0.04782565372734908
Pakistan,PAK,2000,0.04116241603407788
Pakistan,PAK,2001,0.028273366118633562
Pakistan,PAK,2002,0.026267049948874268
Pakistan,PAK,2003,0.049751646066766776
Pakistan,PAK,2004,0.023908963458755428
Pakistan,PAK,2005,0.05160778444702723
Pakistan,PAK,2006,0.07200853951278671
Pakistan,PAK,2007,0.09225665197479754
Pakistan,PAK,2008,0.14752826153376108
Pakistan,PAK,2009,0.17073534184459407
Pakistan,PAK,2010,0.21888799913624013
Pakistan,PAK,2011,0.09152385789469075
Pakistan,PAK,2012,0.15762296746247947
Pakistan,PAK,2013,0.20003160492226404
Pakistan,PAK,2014,0.11023868325501095
Pakistan,PAK,2015,0.1655254365085232
Pakistan,PAK,2016,0.15054411594730813
Pakistan,PAK,2017,0.17316284607515972
Pakistan,PAK,2018,0.13962819147759767
Pakistan,PAK,2019,0.1171917191719172
Pakistan,PAK,2020,0.15956119508303698
Papua New Guinea,PNG,1990,0.06256298490021744
Papua New Guinea,PNG,1991,0.01109281915412019
Papua New Guinea,PNG,1992,0.021259406651972103
Papua New Guinea,PNG,1993,0.020607557498781213
Papua New Guinea,PNG,1994,0.07695584888186936
Papua New Guinea,PNG,1995,0.025453011412798727
Papua New Guinea,PNG,1996,0.00298449457928267
Papua New Guinea,PNG,1997,0.018070638093945705
Papua New Guinea,PNG,1998,0.014424132828544746
Papua New Guinea,PNG,1999,0.022994510127619463
Papua New Guinea,PNG,2000,0.033713149319623215
Papua New Guinea,PNG,2001,0.018049440258974547
Papua New Guinea,PNG,2002,0.020991063489469223
Papua New Guinea,PNG,2003,0.014077771185140702
Papua New Guinea,PNG,2004,0.013661468703521112
Papua New Guinea,PNG,2005,0.01774841121163596
Papua New Guinea,PNG,2006,0.022493862706251595
Papua New Guinea,PNG,2007,0.055563836638956886
Papua New Guinea,PNG,2008,0.08710633317127839
Papua New Guinea,PNG,2009,0.047388460756458875
Papua New Guinea,PNG,2010,0.04281596753275317
Papua New Guinea,PNG,2011,0.13618093591809774
Papua New Guinea,PNG,2012,0.26518712583526416
Papua New Guinea,PNG,2013,0.3252004375665529
Papua New Guinea,PNG,2014,0.2259908294018438
Papua New Guinea,PNG,2015,0.08093067310277476
Papua New Guinea,PNG,2016,0.02639633479184157
Papua New Guinea,PNG,2017,0.11465033404308607
Papua New Guinea,PNG,2018,0.09362294518565864
Papua New Guinea,PNG,2019,0.1589369896974667
Papua New Guinea,PNG,2020,0.10401519633861128
Philippines,PHL,1990,0.10022313717801491
Philippines,PHL,1991,0.05814969711745841
Philippines,PHL,1992,0.05259088404755012
Philippines,PHL,1993,0.03497678754203831
Philippines,PHL,1994,0.035446983626652655
Philippines,PHL,1995,0.07434974726341512
Philippines,PHL,1996,0.020993715166607377
Philippines,PHL,1997,0.021733869452482058
Philippines,PHL,1998,0.04556133896397247
Philippines,PHL,1999,0.05071965848202864
Philippines,PHL,2000,0.048394913022773746
Philippines,PHL,2001,0.050891607203533806
Philippines,PHL,2002,0.020395232572615468
Philippines,PHL,2003,0.022901572495666597
Philippines,PHL,2004,0.014924115657800817
Philippines,PHL,2005,0.007306847451579453
Philippines,PHL,2006,0.0023821875893320346
Philippines,PHL,2007,0.006628167600153069
Philippines,PHL,2008,0.012882038874256402
Philippines,PHL,2009,0.01897417840375587
Philippines,PHL,2010,0.016895136950949602
Philippines,PHL,2011,0.019790012760957366
Philippines,PHL,2012,0.018097935930722286
Philippines,PHL,2013,0.018146689647282
Philippines,PHL,2014,0.015862753467775798
Philippines,PHL,2015,0.011398092975597659
Philippines,PHL,2016,0.010679904371792724
Philippines,PHL,2017,0.02211532436758432
Philippines,PHL,2018,0.013706716232032333
Philippines,PHL,2019,0.014138431446778977
Philippines,PHL,2020,0.02530438396590342
Rwanda,RWA,1990,0.7940746039581833
Rwanda,RWA,1991,1.200556884554038
Rwanda,RWA,1992,0.7538094224807832
Rwanda,RWA,1993,0.040709486547498897
Rwanda,RWA,1994,0.053482900943871786
Rwanda,RWA,1995,0.39724532286373726
Rwanda,RWA,1996,0.04306915777671495
Rwanda,RWA,1997,0.35396297600169796
Rwanda,RWA,1998,0.27255610707130473
Rwanda,RWA,1999,0.3992682032753136
Rwanda,RWA,2000,0.39915713476639664
Rwanda,RWA,2001,0.7173872421037788
Rwanda,RWA,2002,0.2779532614595158
Rwanda,RWA,2003,0.4155588751811684
Rwanda,RWA,2004,0.34873762199707764
Rwanda,RWA,2005,0.21379693358356489
Rwanda,RWA,2006,0.18927219668672782
Rwanda,RWA,2007,0.33328090923249887
Rwanda,RWA,2008,0.985515583565256
Rwanda,RWA,2009,0.9632785442424935
Rwanda,RWA,2010,0.49229450913414896
Rwanda,RWA,2011,1.0175866224511707
Rwanda,RWA,2012,0.9558640579878904
Rwanda,RWA,2013,0.972655434703431
Rwanda,RWA,2014,1.0752697291348388
Rwanda,RWA,2015,0.7007731859076678
Rwanda,RWA,2016,0.8501659449576201
Rwanda,RWA,2017,0.88416361841547
Rwanda,RWA,2018,0.7109278234581023
Rwanda,RWA,2019,0.7480530278604232
Rwanda,RWA,2020,0.5910460386978572
Samoa,WSM,1990,0.03594955795481614
Samoa,WSM,1991,0.006451223514465424
Samoa,WSM,1992,0.0016758909965579848
Samoa,WSM,1993,0.05381618320506363
Samoa,WSM,1994,0.034689442763658346
Samoa,WSM,1995,0.005530480558259697
Samoa,WSM,1996,0.021259375931234198
Samoa,WSM,1997,0.004306725321968631
Samoa,WSM,1998,0.004816260197243459
Samoa,WSM,1999,0.0037313269542635806
Samoa,WSM,2000,0.05755544903873248
Samoa,WSM,2001,0.0029581506470993347
Samoa,WSM,2002,0.020093409788854204
Samoa,WSM,2003,0.04680552562347845
Samoa,WSM,2004,0.00485926875121086
Samoa,WSM,2005,0.1144880337144897
Samoa,WSM,2006,0.012130003417027538
Samoa,WSM,2007,0.03094147765698853
Samoa,WSM,2008,0.05975790178082064
Samoa,WSM,2009,0.02963753178194529
Samoa,WSM,2010,0.08162322831018233
Samoa,WSM,2011,0.0630739241514128
Samoa,WSM,2012,0.13522855139936732
Samoa,WSM,2013,0.23630119827189752
Samoa,WSM,2014,0.042590542515776396
Samoa,WSM,2015,0.11684624086754807
Samoa,WSM,2016,0.06663222137392039
Samoa,WSM,2017,0.0462062572798824
Samoa,WSM,2018,0.22241465741534142
Samoa,WSM,2019,0.23161360419007368
Samoa,WSM,2020,0.7454432337367753
Senegal,SEN,1990,0.023466136249191413
Senegal,SEN,1991,0.10682827788112759
Senegal,SEN,1992,0.34174725348163515
Senegal,SEN,1993,0.1240097311017543
Senegal,SEN,1994,0.10225959497617573
Senegal,SEN,1995,0.002905310829081713
Senegal,SEN,1996,0.1592108485511717
Senegal,SEN,1997,0.09695038493718455
Senegal,SEN,1998,0.08117495941578504
Senegal,SEN,1999,0.20040876449200534
Senegal,SEN,2000,0.16108363402989645
Senegal,SEN,2001,0.24385889226463475
Senegal,SEN,2002,0.07687607830548421
Senegal,SEN,2003,0.11193123746251095
Senegal,SEN,2004,0.21343133750799742
Senegal,SEN,2005,0.16184603115619595
Senegal,SEN,2006,0.1128701671907197
Senegal,SEN,2007,0.20040287098073611
Senegal,SEN,2008,0.31703145869425
Senegal,SEN,2009,0.4045226455472705
Senegal,SEN,2010,0.3530679240362266
Senegal,SEN,2011,0.3629154528582553
Senegal,SEN,2012,0.37162132159803285
Senegal,SEN,2013,0.5583653551753913
Senegal,SEN,2014,0.6322982909578185
Senegal,SEN,2015,0.43341778588512997
Senegal,SEN,2016,0.38446153049277715
Senegal,SEN,2017,0.37482095936807913
Senegal,SEN,2018,0.46692256819204575
Senegal,SEN,2019,0.492605831901895
Senegal,SEN,2020,0.34431808174453793
Sierra Leone,SLE,1990,0.06747687967742262
Sierra Leone,SLE,1991,0.1398177128712884
Sierra Leone,SLE,1992,0.08483312973104801
Sierra Leone,SLE,1993,0.048955970008549864
Sierra Leone,SLE,1994,0.012482066302444776
Sierra Leone,SLE,1995,0.0035848892455389186
Sierra Leone,SLE,1996,0.07105822412563254
Sierra Leone,SLE,1997,0.02562573237227393
Sierra Leone,SLE,1998,0.1415532153194484
Sierra Leone,SLE,1999,0.16703715968508376
Sierra Leone,SLE,2000,0.37503848568633585
Sierra Leone,SLE,2001,0.4505482202789409
Sierra Leone,SLE,2002,0.1813755908035613
Sierra Leone,SLE,2003,0.27117201188747353
Sierra Leone,SLE,2004,0.1946055751169245
Sierra Leone,SLE,2005,0.13895846185567812
Sierra Leone,SLE,2006,0.28901890091918286
Sierra Leone,SLE,2007,0.4417440024687751
Sierra Leone,SLE,2008,1.0057079777820122
Sierra Leone,SLE,2009,1.5624086881999677
Sierra Leone,SLE,2010,1.8649181307064024
Sierra Leone,SLE,2011,1.2548982120985273
Sierra Leone,SLE,2012,1.2708187285695747
Sierra Leone,SLE,2013,1.4424943405746113
Sierra Leone,SLE,2014,1.7110494475615405
Sierra Leone,SLE,2015,2.1515273976066998
Sierra Leone,SLE,2016,2.425468254906908
Sierra Leone,SLE,2017,1.3394046018429293
Sierra Leone,SLE,2018,1.4026333472563899
Sierra Leone,SLE,2019,1.3103166659823622
Sierra Leone,SLE,2020,1.259073702075462
Solomon Islands,SLB,1990,0.14971099441259772
Solomon Islands,SLB,1991,0.04823488419864841
Solomon Islands,SLB,1992,0.9115145920219078
Solomon Islands,SLB,1993,0.09266202545417178
Solomon Islands,SLB,1994,0.0919393240909326
Solomon Islands,SLB,1995,0.04497772976078905
Solomon Islands,SLB,1996,0.0023355958605964524
Solomon Islands,SLB,1997,0.008306119278245691
Solomon Islands,SLB,1998,0.41632700638378145
Solomon Islands,SLB,1999,0.2327310432916851
Solomon Islands,SLB,2000,0.41996816571157664
Solomon Islands,SLB,2001,0.031895284621543
Solomon Islands,SLB,2002,0.05764242035820507
Solomon Islands,SLB,2003,0.03284909822027889
Solomon Islands,SLB,2004,0.08113646507434945
Solomon Islands,SLB,2005,0.0633138270981756
Solomon Islands,SLB,2006,0.027964742954201042
Solomon Islands,SLB,2007,0.0861915816117898
Solomon Islands,SLB,2008,0.06499414298030395
Solomon Islands,SLB,2009,0.09177730163775895
Solomon Islands,SLB,2010,0.04055204687905561
Solomon Islands,SLB,2011,0.08194161578103637
Solomon Islands,SLB,2012,0.11548399944352442
Solomon Islands,SLB,2013,0.19783999131322752
Solomon Islands,SLB,2014,0.09476447542793456
Solomon Islands,SLB,2015,0.3275459566512194
Solomon Islands,SLB,2016,0.11575022663358359
Solomon Islands,SLB,2017,0.23478305045797448
Solomon Islands,SLB,2018,0.4683700464056569
Solomon Islands,SLB,2019,0.40465928301408866
Solomon Islands,SLB,2020,0.24538083859616094
Somalia,SOM,1990,NA
Somalia,SOM,1991,NA
Somalia,SOM,1992,NA
Somalia,SOM,1993,NA
Somalia,SOM,1994,NA
Somalia,SOM,1995,NA
Somalia,SOM,1996,NA
Somalia,SOM,1997,NA
Somalia,SOM,1998,NA
Somalia,SOM,1999,NA
Somalia,SOM,2000,NA
Somalia,SOM,2001,NA
Somalia,SOM,2002,NA
Somalia,SOM,2003,NA
Somalia,SOM,2004,NA
Somalia,SOM,2005,NA
Somalia,SOM,2006,NA
Somalia,SOM,2007,NA
Somalia,SOM,2008,NA
Somalia,SOM,2009,NA
Somalia,SOM,2010,NA
Somalia,SOM,2011,NA
Somalia,SOM,2012,NA
Somalia,SOM,2013,1.866812823401474
Somalia,SOM,2014,2.2130993803031256
Somalia,SOM,2015,1.0477225866916589
Somalia,SOM,2016,1.3366728084061523
Somalia,SOM,2017,0.74841678910449
Somalia,SOM,2018,0.7560713300650638
Somalia,SOM,2019,1.0362577446024437
Somalia,SOM,2020,0.7198444861650845
South Sudan,SSD,1990,NA
South Sudan,SSD,1991,NA
South Sudan,SSD,1992,NA
South Sudan,SSD,1993,NA
South Sudan,SSD,1994,NA
South Sudan,SSD,1995,NA
South Sudan,SSD,1996,NA
South Sudan,SSD,1997,NA
South Sudan,SSD,1998,NA
South Sudan,SSD,1999,NA
South Sudan,SSD,2000,NA
South Sudan,SSD,2001,NA
South Sudan,SSD,2002,NA
South Sudan,SSD,2003,NA
South Sudan,SSD,2004,NA
South Sudan,SSD,2005,NA
South Sudan,SSD,2006,NA
South Sudan,SSD,2007,NA
South Sudan,SSD,2008,0.080301338196322
South Sudan,SSD,2009,0.04705020277326489
South Sudan,SSD,2010,0.038586982531136745
South Sudan,SSD,2011,0.10157190441550379
South Sudan,SSD,2012,1.0790284533852996
South Sudan,SSD,2013,1.0078690466666551
South Sudan,SSD,2014,0.7860916940590897
South Sudan,SSD,2015,1.3380368886872562
South Sudan,SSD,2016,NA
South Sudan,SSD,2017,NA
South Sudan,SSD,2018,NA
South Sudan,SSD,2019,NA
South Sudan,SSD,2020,NA
Sri Lanka,LKA,1990,0.03607335403887195
Sri Lanka,LKA,1991,1.2623337611394373e-5
Sri Lanka,LKA,1992,0.038011081413972456
Sri Lanka,LKA,1993,0.004614832433282644
Sri Lanka,LKA,1994,7.176405855580132e-4
Sri Lanka,LKA,1995,0.004067828096138658
Sri Lanka,LKA,1996,0.0011932789871698351
Sri Lanka,LKA,1997,0.004813637981873459
Sri Lanka,LKA,1998,0.0060813870225986675
Sri Lanka,LKA,1999,0.00696702325814952
Sri Lanka,LKA,2000,0.04317891771114008
Sri Lanka,LKA,2001,0.006823704024951333
Sri Lanka,LKA,2002,0.007207418315599264
Sri Lanka,LKA,2003,0.005570540406349301
Sri Lanka,LKA,2004,0.01207516372175437
Sri Lanka,LKA,2005,0.014564536848389117
Sri Lanka,LKA,2006,0.013007107035420754
Sri Lanka,LKA,2007,0.019346271214029622
Sri Lanka,LKA,2008,0.01530145606117142
Sri Lanka,LKA,2009,0.02215991548084273
Sri Lanka,LKA,2010,0.023315725029220895
Sri Lanka,LKA,2011,0.014194360139877423
Sri Lanka,LKA,2012,0.006346944238198331
Sri Lanka,LKA,2013,0.015285294511805313
Sri Lanka,LKA,2014,0.017324625403222382
Sri Lanka,LKA,2015,0.024435946148247078
Sri Lanka,LKA,2016,0.01965371088023402
Sri Lanka,LKA,2017,0.025594834476499854
Sri Lanka,LKA,2018,0.011613386715902032
Sri Lanka,LKA,2019,0.010328447179797293
Sri Lanka,LKA,2020,0.008214687626133465
Sudan,SDN,1990,0.014817693369179335
Sudan,SDN,1991,0.0054244385380162515
Sudan,SDN,1992,6.102384697588919e-4
Sudan,SDN,1993,3.2531276317457206e-4
Sudan,SDN,1994,0.001376796253387826
Sudan,SDN,1995,4.685317932045697e-4
Sudan,SDN,1996,4.92715058512484e-4
Sudan,SDN,1997,3.9979362092836256e-4
Sudan,SDN,1998,0.0035790543174526383
Sudan,SDN,1999,0.007753205040935016
Sudan,SDN,2000,0.007790618575207116
Sudan,SDN,2001,0.015231961596858468
Sudan,SDN,2002,0.010673465014164923
Sudan,SDN,2003,0.006739135851070379
Sudan,SDN,2004,0.015480839435540347
Sudan,SDN,2005,0.0541363069964314
Sudan,SDN,2006,0.020950551200723647
Sudan,SDN,2007,0.03450500043181325
Sudan,SDN,2008,0.05471100408901837
Sudan,SDN,2009,0.06536582113257611
Sudan,SDN,2010,0.10238206906942465
Sudan,SDN,2011,0.08570325085863721
Sudan,SDN,2012,0.1239613792461933
Sudan,SDN,2013,0.1263044750217594
Sudan,SDN,2014,0.11604323575593462
Sudan,SDN,2015,0.08358285524627605
Sudan,SDN,2016,0.0735340004818076
Sudan,SDN,2017,0.0684359647663483
Sudan,SDN,2018,0.09123519106406906
Sudan,SDN,2019,0.10154985404683084
Sudan,SDN,2020,0.07767435052364932
Syrian Arab Republic,SYR,1990,9.468186794064867e-4
Syrian Arab Republic,SYR,1991,4.753512299371059e-5
Syrian Arab Republic,SYR,1992,0
Syrian Arab Republic,SYR,1993,0
Syrian Arab Republic,SYR,1994,1.2323903339266652e-5
Syrian Arab Republic,SYR,1995,2.3029610476947886e-5
Syrian Arab Republic,SYR,1996,5.24231529176997e-6
Syrian Arab Republic,SYR,1997,1.3477183914699956e-4
Syrian Arab Republic,SYR,1998,5.609254517041582e-5
Syrian Arab Republic,SYR,1999,6.058250344399876e-4
Syrian Arab Republic,SYR,2000,0.0014923630450913935
Syrian Arab Republic,SYR,2001,0.001129110588770726
Syrian Arab Republic,SYR,2002,0.0047204203973885426
Syrian Arab Republic,SYR,2003,0.0016244797340154791
Syrian Arab Republic,SYR,2004,5.118597057040988e-4
Syrian Arab Republic,SYR,2005,3.1625258741037863e-4
Syrian Arab Republic,SYR,2006,0.002017822070370959
Syrian Arab Republic,SYR,2007,0.004887287358564082
Syrian Arab Republic,SYR,2008,0.004379217451016866
Syrian Arab Republic,SYR,2009,0.0042297850980229906
Syrian Arab Republic,SYR,2010,0.013391737036177397
Syrian Arab Republic,SYR,2011,0.012116908685551665
Syrian Arab Republic,SYR,2012,0.010057424203067086
Syrian Arab Republic,SYR,2013,0.016193095580329154
Syrian Arab Republic,SYR,2014,0.05266259923608834
Syrian Arab Republic,SYR,2015,0.042032014917432914
Syrian Arab Republic,SYR,2016,0.047977419500889136
Syrian Arab Republic,SYR,2017,0.2768981210269248
Syrian Arab Republic,SYR,2018,0.1928302327064968
Syrian Arab Republic,SYR,2019,0.1851432439738004
Syrian Arab Republic,SYR,2020,0.11739338675316063
São Tomé and Príncipe,STP,1990,NA
São Tomé and Príncipe,STP,1991,NA
São Tomé and Príncipe,STP,1992,NA
São Tomé and Príncipe,STP,1993,NA
São Tomé and Príncipe,STP,1994,NA
São Tomé and Príncipe,STP,1995,NA
São Tomé and Príncipe,STP,1996,NA
São Tomé and Príncipe,STP,1997,NA
São Tomé and Príncipe,STP,1998,NA
São Tomé and Príncipe,STP,1999,NA
São Tomé and Príncipe,STP,2000,NA
São Tomé and Príncipe,STP,2001,0.04541944433676518
São Tomé and Príncipe,STP,2002,0.04146722458296301
São Tomé and Príncipe,STP,2003,1.2807890038842524
São Tomé and Príncipe,STP,2004,0.1335831608551628
São Tomé and Príncipe,STP,2005,0.14704081544561706
São Tomé and Príncipe,STP,2006,0.13791924217436008
São Tomé and Príncipe,STP,2007,0.273947672816332
São Tomé and Príncipe,STP,2008,4.52183581512904
São Tomé and Príncipe,STP,2009,1.6165103322359746
São Tomé and Príncipe,STP,2010,1.7225699000016783
São Tomé and Príncipe,STP,2011,3.1235245767707136
São Tomé and Príncipe,STP,2012,2.696089803936685
São Tomé and Príncipe,STP,2013,2.4545414122602827
São Tomé and Príncipe,STP,2014,1.8568624990383598
São Tomé and Príncipe,STP,2015,1.9685757331442626
São Tomé and Príncipe,STP,2016,1.6377633525027488
São Tomé and Príncipe,STP,2017,1.9347679063606964
São Tomé and Príncipe,STP,2018,1.766904963315679
São Tomé and Príncipe,STP,2019,1.503253736981008
São Tomé and Príncipe,STP,2020,0.7603189191324377
Tajikistan,TJK,1990,0
Tajikistan,TJK,1991,0
Tajikistan,TJK,1992,0
Tajikistan,TJK,1993,0
Tajikistan,TJK,1994,0.07334000761428573
Tajikistan,TJK,1995,1.8558748303468728e-4
Tajikistan,TJK,1996,6.683822792127136e-4
Tajikistan,TJK,1997,0.001314669252663156
Tajikistan,TJK,1998,5.409500491747105e-4
Tajikistan,TJK,1999,0.04401934388455284
Tajikistan,TJK,2000,0.07356821048664862
Tajikistan,TJK,2001,0.09140775132356285
Tajikistan,TJK,2002,0.0664804259180182
Tajikistan,TJK,2003,0.034769953766156096
Tajikistan,TJK,2004,0.03974648858269818
Tajikistan,TJK,2005,0.058993887030071274
Tajikistan,TJK,2006,0.044330211027356084
Tajikistan,TJK,2007,0.039219380980230104
Tajikistan,TJK,2008,0.23082885361976296
Tajikistan,TJK,2009,0.17069149691098998
Tajikistan,TJK,2010,0.3178510314090874
Tajikistan,TJK,2011,0.16241523170730446
Tajikistan,TJK,2012,0.2800032174973927
Tajikistan,TJK,2013,0.22857140972162848
Tajikistan,TJK,2014,0.31598964215715225
Tajikistan,TJK,2015,0.24499923789157618
Tajikistan,TJK,2016,0.2523941235502243
Tajikistan,TJK,2017,0.2913756835820661
Tajikistan,TJK,2018,0.23462274167474123
Tajikistan,TJK,2019,0.258981414127815
Tajikistan,TJK,2020,0.24153692616715428
Tanzania,TZA,1990,0.15598120903983398
Tanzania,TZA,1991,0.17681970725666368
Tanzania,TZA,1992,0.12638144465862663
Tanzania,TZA,1993,0.11575433761072121
Tanzania,TZA,1994,0.07525193425043857
Tanzania,TZA,1995,0.05029459222928973
Tanzania,TZA,1996,0.23367469261870855
Tanzania,TZA,1997,0.0684253542629832
Tanzania,TZA,1998,0.15827134536412346
Tanzania,TZA,1999,0.15820098294455448
Tanzania,TZA,2000,0.2119071675748594
Tanzania,TZA,2001,0.2500439602534555
Tanzania,TZA,2002,0.13919172448606257
Tanzania,TZA,2003,0.08191483153083876
Tanzania,TZA,2004,0.14833841014830768
Tanzania,TZA,2005,0.11946028288072032
Tanzania,TZA,2006,0.1087890044358163
Tanzania,TZA,2007,0.10803502411952909
Tanzania,TZA,2008,0.31545086996979255
Tanzania,TZA,2009,0.35817960688052336
Tanzania,TZA,2010,0.4629575911485899
Tanzania,TZA,2011,0.4618226154964674
Tanzania,TZA,2012,0.6672295886114077
Tanzania,TZA,2013,0.7762821080803577
Tanzania,TZA,2014,0.6994573827186629
Tanzania,TZA,2015,0.5297032414550649
Tanzania,TZA,2016,0.45709102055149287
Tanzania,TZA,2017,0.5519912797482582
Tanzania,TZA,2018,0.5047353141743375
Tanzania,TZA,2019,0.5700054146484123
Tanzania,TZA,2020,0.43162106683735746
Timor-Leste,TLS,1990,NA
Timor-Leste,TLS,1991,NA
Timor-Leste,TLS,1992,NA
Timor-Leste,TLS,1993,NA
Timor-Leste,TLS,1994,NA
Timor-Leste,TLS,1995,NA
Timor-Leste,TLS,1996,NA
Timor-Leste,TLS,1997,NA
Timor-Leste,TLS,1998,NA
Timor-Leste,TLS,1999,NA
Timor-Leste,TLS,2000,0.3990584273689068
Timor-Leste,TLS,2001,0.01568888068870088
Timor-Leste,TLS,2002,0.0098460030516131
Timor-Leste,TLS,2003,0.05123309222341946
Timor-Leste,TLS,2004,0.015545251064969077
Timor-Leste,TLS,2005,0.018375653425889683
Timor-Leste,TLS,2006,0.5864762065248904
Timor-Leste,TLS,2007,0.05907604083464482
Timor-Leste,TLS,2008,0.6294546344024711
Timor-Leste,TLS,2009,0.3298858827840121
Timor-Leste,TLS,2010,1.2191293921499446
Timor-Leste,TLS,2011,0.9807681613114594
Timor-Leste,TLS,2012,1.0031499359231904
Timor-Leste,TLS,2013,0.8944500037801016
Timor-Leste,TLS,2014,1.0008544902359633
Timor-Leste,TLS,2015,0.9210713299369568
Timor-Leste,TLS,2016,1.0508451868305406
Timor-Leste,TLS,2017,0.5667760983839651
Timor-Leste,TLS,2018,0.3879756323526423
Timor-Leste,TLS,2019,0.37013253510930044
Timor-Leste,TLS,2020,0.27841942053759117
Togo,TGO,1990,0.1192879029440947
Togo,TGO,1991,0.7555757831682858
Togo,TGO,1992,0.6388297875155889
Togo,TGO,1993,3.0801240897230733e-4
Togo,TGO,1994,0.017412059662706387
Togo,TGO,1995,0.004868436330422754
Togo,TGO,1996,0.023415711983821343
Togo,TGO,1997,0.002154981903106477
Togo,TGO,1998,0.009312999985432098
Togo,TGO,1999,0.1559617372696769
Togo,TGO,2000,0.11517332827456618
Togo,TGO,2001,0.04845028027238029
Togo,TGO,2002,0.015580451020985056
Togo,TGO,2003,0.14239759801717963
Togo,TGO,2004,0.058575104130420635
Togo,TGO,2005,0.08372592194661821
Togo,TGO,2006,0.04501254189315975
Togo,TGO,2007,0.0590281246157293
Togo,TGO,2008,0.6276429946280814
Togo,TGO,2009,0.5728608708198997
Togo,TGO,2010,0.3188337456276241
Togo,TGO,2011,0.452641133452408
Togo,TGO,2012,0.25925428819725954
Togo,TGO,2013,0.5867176471553447
Togo,TGO,2014,0.5844750450163393
Togo,TGO,2015,0.3977644654470365
Togo,TGO,2016,0.3406307079895654
Togo,TGO,2017,0.5524018105217213
Togo,TGO,2018,0.5169697937006967
Togo,TGO,2019,0.5530301534015694
Togo,TGO,2020,0.5313977893175356
Tunisia,TUN,1990,1.7611424373738268e-4
Tunisia,TUN,1991,3.8273332838171175e-4
Tunisia,TUN,1992,0.009260984880801319
Tunisia,TUN,1993,0.01334068084631921
Tunisia,TUN,1994,0.022049792277940437
Tunisia,TUN,1995,0.022276312553418793
Tunisia,TUN,1996,0.01689126552736777
Tunisia,TUN,1997,0.010241591173805712
Tunisia,TUN,1998,0.009539797786692793
Tunisia,TUN,1999,0.0021261998470000812
Tunisia,TUN,2000,2.9314436611537094e-4
Tunisia,TUN,2001,0.003313301961534621
Tunisia,TUN,2002,0.0010741548317625181
Tunisia,TUN,2003,3.7335417252350335e-4
Tunisia,TUN,2004,4.88958833910867e-4
Tunisia,TUN,2005,1.9490023357809634e-4
Tunisia,TUN,2006,0.0013580508378757499
Tunisia,TUN,2007,0.0023323359995780103
Tunisia,TUN,2008,0.010761261560234622
Tunisia,TUN,2009,0.0014516992023921606
Tunisia,TUN,2010,0.007657679388685085
Tunisia,TUN,2011,0.012060243778736445
Tunisia,TUN,2012,0.011190339428980223
Tunisia,TUN,2013,0.016849995962293286
Tunisia,TUN,2014,0.00952109974595664
Tunisia,TUN,2015,0.006769320127979946
Tunisia,TUN,2016,0.0035384155716815234
Tunisia,TUN,2017,0.0066700674335423435
Tunisia,TUN,2018,0.003970599562336128
Tunisia,TUN,2019,0.004185695004559082
Tunisia,TUN,2020,0.005275565639597272
Uganda,UGA,1990,0.17414486723880915
Uganda,UGA,1991,0.1471363211012469
Uganda,UGA,1992,0.10918587023699337
Uganda,UGA,1993,0.16559026401293164
Uganda,UGA,1994,0.17745659785267295
Uganda,UGA,1995,0.09572029203743018
Uganda,UGA,1996,0.15000828932293084
Uganda,UGA,1997,0.23548053673537378
Uganda,UGA,1998,0.24882813913654722
Uganda,UGA,1999,0.4112909260498872
Uganda,UGA,2000,0.5574831543847908
Uganda,UGA,2001,0.6145023738830002
Uganda,UGA,2002,0.24339568734973765
Uganda,UGA,2003,0.33920444316908244
Uganda,UGA,2004,0.1881140840514434
Uganda,UGA,2005,0.3974759932440371
Uganda,UGA,2006,0.24602256876586634
Uganda,UGA,2007,0.203482674374213
Uganda,UGA,2008,0.38625869275114394
Uganda,UGA,2009,0.3572305119636478
Uganda,UGA,2010,0.26133548801654977
Uganda,UGA,2011,0.3918554812768735
Uganda,UGA,2012,0.49709608489632406
Uganda,UGA,2013,0.6164810319479612
Uganda,UGA,2014,0.5696195411840685
Uganda,UGA,2015,0.49318582549331247
Uganda,UGA,2016,0.5167403006301398
Uganda,UGA,2017,0.49115846578235056
Uganda,UGA,2018,0.41229643825139073
Uganda,UGA,2019,0.6325169227947266
Uganda,UGA,2020,0.38994067231263363
Ukraine,UKR,1990,0
Ukraine,UKR,1991,0
Ukraine,UKR,1992,2.2583219162614235e-6
Ukraine,UKR,1993,0
Ukraine,UKR,1994,5.234563707058239e-5
Ukraine,UKR,1995,7.64680743577944e-5
Ukraine,UKR,1996,3.5713902901774483e-4
Ukraine,UKR,1997,2.6723073337929962e-5
Ukraine,UKR,1998,3.2688774726379987e-4
Ukraine,UKR,1999,0.001055415794993328
Ukraine,UKR,2000,0.005326737918798436
Ukraine,UKR,2001,0.003128374059261007
Ukraine,UKR,2002,0.002644956249902048
Ukraine,UKR,2003,0.0018903409899545115
Ukraine,UKR,2004,0.002338883051092125
Ukraine,UKR,2005,0.004093856739765358
Ukraine,UKR,2006,0.004865029037394273
Ukraine,UKR,2007,0.005187150766718547
Ukraine,UKR,2008,0.006789389187885241
Ukraine,UKR,2009,0.008529616451514883
Ukraine,UKR,2010,0.00642026460756156
Ukraine,UKR,2011,0.011074496776152458
Ukraine,UKR,2012,0.011412495876022078
Ukraine,UKR,2013,0.004777226178486439
Ukraine,UKR,2014,0.007955119881852692
Ukraine,UKR,2015,0.0047731013998022235
Ukraine,UKR,2016,0.0024513954358278585
Ukraine,UKR,2017,0.0017359191570275978
Ukraine,UKR,2018,8.442703230598468e-4
Ukraine,UKR,2019,9.770069842266343e-4
Ukraine,UKR,2020,0.0026947050047305787
Uzbekistan,UZB,1990,0
Uzbekistan,UZB,1991,0
Uzbekistan,UZB,1992,0
Uzbekistan,UZB,1993,3.6074284221623563e-6
Uzbekistan,UZB,1994,6.0884867879453316e-5
Uzbekistan,UZB,1995,0.04184682708089947
Uzbekistan,UZB,1996,0.004598773988028785
Uzbekistan,UZB,1997,0.019621315090520893
Uzbekistan,UZB,1998,0.01676838130420977
Uzbekistan,UZB,1999,0.028214873887335006
Uzbekistan,UZB,2000,0.03343219963440172
Uzbekistan,UZB,2001,0.0472804256477751
Uzbekistan,UZB,2002,0.024209525891766004
Uzbekistan,UZB,2003,0.012972691435117431
Uzbekistan,UZB,2004,0.020610349239415404
Uzbekistan,UZB,2005,0.012354217968199209
Uzbekistan,UZB,2006,0.013364352516908824
Uzbekistan,UZB,2007,0.013159459932025604
Uzbekistan,UZB,2008,0.044037107656573614
Uzbekistan,UZB,2009,0.04886675670610853
Uzbekistan,UZB,2010,0.057192660809165165
Uzbekistan,UZB,2011,0.03593157511817122
Uzbekistan,UZB,2012,0.01554626999713725
Uzbekistan,UZB,2013,0.016944459030598706
Uzbekistan,UZB,2014,0.04059314457407025
Uzbekistan,UZB,2015,0.024930314500441288
Uzbekistan,UZB,2016,0.03381135644760909
Uzbekistan,UZB,2017,0.022170966371424388
Uzbekistan,UZB,2018,0.023931811166319813
Uzbekistan,UZB,2019,0.021854541686683434
Uzbekistan,UZB,2020,0.027228098073296104
Vanuatu,VUT,1990,0.07286443872245346
Vanuatu,VUT,1991,0.34919659465224373
Vanuatu,VUT,1992,0.012697696880092195
Vanuatu,VUT,1993,0.09962793103167222
Vanuatu,VUT,1994,0.1651114292991811
Vanuatu,VUT,1995,0.018701175766483922
Vanuatu,VUT,1996,0.015695717775376084
Vanuatu,VUT,1997,0.006763454433687957
Vanuatu,VUT,1998,0.010128460998762755
Vanuatu,VUT,1999,0.004643430084230867
Vanuatu,VUT,2000,0.29599531747682123
Vanuatu,VUT,2001,0.0027621892182385466
Vanuatu,VUT,2002,0.027055321752506533
Vanuatu,VUT,2003,0.025942807239501205
Vanuatu,VUT,2004,0.030321453348250513
Vanuatu,VUT,2005,0.1406889175567829
Vanuatu,VUT,2006,0.05091114020147525
Vanuatu,VUT,2007,0.14046076558122644
Vanuatu,VUT,2008,0.054441645875934405
Vanuatu,VUT,2009,0.06154289966599014
Vanuatu,VUT,2010,0.0336501411753798
Vanuatu,VUT,2011,0.027164176300065467
Vanuatu,VUT,2012,0.12108761361827758
Vanuatu,VUT,2013,0.17010040083956923
Vanuatu,VUT,2014,0.03886286636697358
Vanuatu,VUT,2015,0.08879821082556509
Vanuatu,VUT,2016,0.11109087912403158
Vanuatu,VUT,2017,0.10104790982557103
Vanuatu,VUT,2018,0.39160490207967685
Vanuatu,VUT,2019,0.2774823457686601
Vanuatu,VUT,2020,0.8003035924462976
Vietnam,VNM,1990,0.007252877185885597
Vietnam,VNM,1991,0.004526240579932757
Vietnam,VNM,1992,0.0071349021400775765
Vietnam,VNM,1993,0.0021209706828547656
Vietnam,VNM,1994,0.009317487376788648
Vietnam,VNM,1995,0.02702611283382484
Vietnam,VNM,1996,0.009905881793633919
Vietnam,VNM,1997,0.06018587288832794
Vietnam,VNM,1998,0.018024645095827893
Vietnam,VNM,1999,0.013402389248448263
Vietnam,VNM,2000,0.019876862752065377
Vietnam,VNM,2001,0.028205422968885313
Vietnam,VNM,2002,0.03339836166485156
Vietnam,VNM,2003,0.024507224422179112
Vietnam,VNM,2004,0.02487642930108413
Vietnam,VNM,2005,0.03142191820695677
Vietnam,VNM,2006,0.031027717511939796
Vietnam,VNM,2007,0.022437439846005776
Vietnam,VNM,2008,0.03730351009254398
Vietnam,VNM,2009,0.025157844196374984
Vietnam,VNM,2010,0.026663358184545627
Vietnam,VNM,2011,0.028397829289749543
Vietnam,VNM,2012,0.0340665357316871
Vietnam,VNM,2013,0.05193659374598476
Vietnam,VNM,2014,0.02829188894304508
Vietnam,VNM,2015,0.01888505295538707
Vietnam,VNM,2016,0.01248114704326876
Vietnam,VNM,2017,0.009728882229898785
Vietnam,VNM,2018,0.011882028504324054
Vietnam,VNM,2019,0.013298703278001449
Vietnam,VNM,2020,0.013556109787265567
"Yemen, Rep.",YEM,1990,0.021603165522455354
"Yemen, Rep.",YEM,1991,0.02152770320166105
"Yemen, Rep.",YEM,1992,0.014805698525734042
"Yemen, Rep.",YEM,1993,0.010583487765733769
"Yemen, Rep.",YEM,1994,0.01798990176626848
"Yemen, Rep.",YEM,1995,0.0438836407432675
"Yemen, Rep.",YEM,1996,0.00967999814588344
"Yemen, Rep.",YEM,1997,0.04270629546548945
"Yemen, Rep.",YEM,1998,0.020918558305489353
"Yemen, Rep.",YEM,1999,0.03154375834682248
"Yemen, Rep.",YEM,2000,0.03282789320113356
"Yemen, Rep.",YEM,2001,0.03537643918706907
"Yemen, Rep.",YEM,2002,0.03867384532845491
"Yemen, Rep.",YEM,2003,0.03856004036560182
"Yemen, Rep.",YEM,2004,0.023990089220801408
"Yemen, Rep.",YEM,2005,0.06864334542276201
"Yemen, Rep.",YEM,2006,0.06892122411340247
"Yemen, Rep.",YEM,2007,0.07273491487431219
"Yemen, Rep.",YEM,2008,0.07854762865819782
"Yemen, Rep.",YEM,2009,0.060016586421511545
"Yemen, Rep.",YEM,2010,0.09495597933962831
"Yemen, Rep.",YEM,2011,0.10761061826275575
"Yemen, Rep.",YEM,2012,0.1530562130326767
"Yemen, Rep.",YEM,2013,0.22244362774584003
"Yemen, Rep.",YEM,2014,0.2584864497471069
"Yemen, Rep.",YEM,2015,0.14076030158802508
"Yemen, Rep.",YEM,2016,0.18921483462839686
"Yemen, Rep.",YEM,2017,0.6038030219998455
"Yemen, Rep.",YEM,2018,0.2936110776379282
"Yemen, Rep.",YEM,2019,NA
"Yemen, Rep.",YEM,2020,NA
Zambia,ZMB,1990,0.24749869904174848
Zambia,ZMB,1991,0.07102567468011138
Zambia,ZMB,1992,0.016577367853300107
Zambia,ZMB,1993,0.1691565826606889
Zambia,ZMB,1994,0.3083983055855373
Zambia,ZMB,1995,0.2707410858274825
Zambia,ZMB,1996,0.1201274305421041
Zambia,ZMB,1997,0.10957223555098576
Zambia,ZMB,1998,0.1700473969909439
Zambia,ZMB,1999,0.21915175234125997
Zambia,ZMB,2000,0.2936581621276737
Zambia,ZMB,2001,0.2594515781959679
Zambia,ZMB,2002,0.2122668547727702
Zambia,ZMB,2003,0.23702338312081955
Zambia,ZMB,2004,0.23849915545567849
Zambia,ZMB,2005,0.15500043135051303
Zambia,ZMB,2006,0.16646744402708774
Zambia,ZMB,2007,0.24900413253297862
Zambia,ZMB,2008,0.48213123453155454
Zambia,ZMB,2009,0.47315029345373566
Zambia,ZMB,2010,0.30519528251485845
Zambia,ZMB,2011,0.49930096703942634
Zambia,ZMB,2012,0.532208897211327
Zambia,ZMB,2013,0.7349928606616313
Zambia,ZMB,2014,0.5536072682570262
Zambia,ZMB,2015,0.5098578637864095
Zambia,ZMB,2016,0.5982232435845624
Zambia,ZMB,2017,0.5742893484602217
Zambia,ZMB,2018,0.5835835208689858
Zambia,ZMB,2019,0.6894809211446626
Zambia,ZMB,2020,0.49794726590001664
Zimbabwe,ZWE,1990,0.1014304575737855
Zimbabwe,ZWE,1991,0.07634761687472864
Zimbabwe,ZWE,1992,0.2809212413107428
Zimbabwe,ZWE,1993,0.03161121583767289
Zimbabwe,ZWE,1994,0.16583432148174765
Zimbabwe,ZWE,1995,0.08495020569934955
Zimbabwe,ZWE,1996,0.04945836623194368
Zimbabwe,ZWE,1997,0.10310004244947686
Zimbabwe,ZWE,1998,0.030737678680546707
Zimbabwe,ZWE,1999,0.04852655049163188
Zimbabwe,ZWE,2000,0.15558678038372026
Zimbabwe,ZWE,2001,0.08817164586218001
Zimbabwe,ZWE,2002,0.04555374486803245
Zimbabwe,ZWE,2003,0.11564186410836391
Zimbabwe,ZWE,2004,0.13438572796951298
Zimbabwe,ZWE,2005,0.13976610828956793
Zimbabwe,ZWE,2006,0.13871612245529075
Zimbabwe,ZWE,2007,0.20909214752908092
Zimbabwe,ZWE,2008,0.5790122324455693
Zimbabwe,ZWE,2009,0.723626838862298
Zimbabwe,ZWE,2010,0.48252814373357333
Zimbabwe,ZWE,2011,0.4196976345905804
Zimbabwe,ZWE,2012,0.9843740103923029
Zimbabwe,ZWE,2013,0.6595122157739398
Zimbabwe,ZWE,2014,0.5678241343965004
Zimbabwe,ZWE,2015,0.7525927580918422
Zimbabwe,ZWE,2016,0.47377301044040154
Zimbabwe,ZWE,2017,0.7512473437261237
Zimbabwe,ZWE,2018,0.6014941144873339
Zimbabwe,ZWE,2019,0.6219170303027083
Zimbabwe,ZWE,2020,0.7799195907573366
