country,country.code,year,total.aid.for.health.volatility_rmnch,package
Afghanistan,AFG,2002,0.32224808983318615,fGarch
Afghanistan,AFG,2003,0.23619549797045872,fGarch
Afghanistan,AFG,2004,0.2594203600209237,fGarch
Afghanistan,AFG,2005,0.2513890777875003,fGarch
Afghanistan,AFG,2006,0.249648750353409,fGarch
Afghanistan,AFG,2007,0.23620887696841017,fGarch
Afghanistan,AFG,2008,0.238614171896372,fGarch
Afghanistan,AFG,2009,0.36229157431181264,fGarch
Afghanistan,AFG,2010,0.4917932788960496,fGarch
Afghanistan,AFG,2011,0.2640557333729475,fGarch
Afghanistan,AFG,2012,0.2623054497819523,fGarch
Afghanistan,AFG,2013,0.236949240257636,fGarch
Afghanistan,AFG,2014,0.23684684767386804,fGarch
Afghanistan,AFG,2015,0.3139428052730845,fGarch
Afghanistan,AFG,2016,0.23808779554753595,fGarch
Afghanistan,AFG,2017,0.42866108279554815,fGarch
Afghanistan,AFG,2018,0.46483905505316836,fGarch
Afghanistan,AFG,2019,0.3203992367352635,fGarch
Afghanistan,AFG,2020,0.34555441749386867,fGarch
Benin,BEN,1990,0.07740096183200766,fGarch
Benin,BEN,1991,0.0686247462607043,fGarch
Benin,BEN,1992,0.0684196370008132,fGarch
Benin,BEN,1993,0.07450052828943837,fGarch
Benin,BEN,1994,0.07563825189881429,fGarch
Benin,BEN,1995,0.0976084606534139,fGarch
Benin,BEN,1996,0.12156874346207774,fGarch
Benin,BEN,1997,0.07304003270880131,fGarch
Benin,BEN,1998,0.08017442911189465,fGarch
Benin,BEN,1999,0.07030098396950392,fGarch
Benin,BEN,2000,0.07014481315246637,fGarch
Benin,BEN,2001,0.07361046016324826,fGarch
Benin,BEN,2002,0.06913119226605485,fGarch
Benin,BEN,2003,0.0968251399411622,fGarch
Benin,BEN,2004,0.07057276044458854,fGarch
Benin,BEN,2005,0.06874730703389123,fGarch
Benin,BEN,2006,0.0732011248526023,fGarch
Benin,BEN,2007,0.07358964018001214,fGarch
Benin,BEN,2008,0.06852527688257352,fGarch
Benin,BEN,2009,0.0948015810000919,fGarch
Benin,BEN,2010,0.07418029606844151,fGarch
Benin,BEN,2011,0.07133757763313615,fGarch
Benin,BEN,2012,0.08079011918715533,fGarch
Benin,BEN,2013,0.06905673416250768,fGarch
Benin,BEN,2014,0.06837389354256117,fGarch
Benin,BEN,2015,0.06808081289265588,fGarch
Benin,BEN,2016,0.06797633365444386,fGarch
Benin,BEN,2017,0.06826639421358857,fGarch
Benin,BEN,2018,0.07434862712872715,fGarch
Benin,BEN,2019,0.07546518938033758,fGarch
Benin,BEN,2020,0.07369257583786624,fGarch
Burkina Faso,BFA,1990,0.14949014094506682,fGarch
Burkina Faso,BFA,1991,0.1303056697989629,fGarch
Burkina Faso,BFA,1992,0.13066543464900723,fGarch
Burkina Faso,BFA,1993,0.15208473829267244,fGarch
Burkina Faso,BFA,1994,0.13698844493763046,fGarch
Burkina Faso,BFA,1995,0.16050980818334806,fGarch
Burkina Faso,BFA,1996,0.16617266752138074,fGarch
Burkina Faso,BFA,1997,0.1583214363438342,fGarch
Burkina Faso,BFA,1998,0.1303339303947036,fGarch
Burkina Faso,BFA,1999,0.13037758525982773,fGarch
Burkina Faso,BFA,2000,0.13610696116670198,fGarch
Burkina Faso,BFA,2001,0.1331664487368238,fGarch
Burkina Faso,BFA,2002,0.13783197577028827,fGarch
Burkina Faso,BFA,2003,0.14337458710635553,fGarch
Burkina Faso,BFA,2004,0.13406238435645051,fGarch
Burkina Faso,BFA,2005,0.13613687925626622,fGarch
Burkina Faso,BFA,2006,0.22305715179545357,fGarch
Burkina Faso,BFA,2007,0.19297159287553353,fGarch
Burkina Faso,BFA,2008,0.16407839717501635,fGarch
Burkina Faso,BFA,2009,0.14519297266702538,fGarch
Burkina Faso,BFA,2010,0.13792357268988484,fGarch
Burkina Faso,BFA,2011,0.13053732765160372,fGarch
Burkina Faso,BFA,2012,0.1496517576451275,fGarch
Burkina Faso,BFA,2013,0.1352538944956624,fGarch
Burkina Faso,BFA,2014,0.17885430071960967,fGarch
Burkina Faso,BFA,2015,0.17018799758797365,fGarch
Burkina Faso,BFA,2016,0.14870059415252126,fGarch
Burkina Faso,BFA,2017,0.13236474038576126,fGarch
Burkina Faso,BFA,2018,0.1306326015790479,fGarch
Burkina Faso,BFA,2019,0.14545139859509842,fGarch
Burkina Faso,BFA,2020,0.15094092224116745,fGarch
Burundi,BDI,1990,0.3874693704134867,rugarch
Burundi,BDI,1991,0.16035924257914477,rugarch
Burundi,BDI,1992,0.16471338555779858,rugarch
Burundi,BDI,1993,0.17319054402703812,rugarch
Burundi,BDI,1994,0.312860777501355,rugarch
Burundi,BDI,1995,0.20685564213050772,rugarch
Burundi,BDI,1996,0.20595866376554284,rugarch
Burundi,BDI,1997,0.16362205302877614,rugarch
Burundi,BDI,1998,0.1603160408518613,rugarch
Burundi,BDI,1999,0.1658234818393476,rugarch
Burundi,BDI,2000,0.23222181410010287,rugarch
Burundi,BDI,2001,0.16081426928509746,rugarch
Burundi,BDI,2002,0.16543754080606718,rugarch
Burundi,BDI,2003,0.17753823743553335,rugarch
Burundi,BDI,2004,0.16074981568805116,rugarch
Burundi,BDI,2005,0.18293356216587414,rugarch
Burundi,BDI,2006,0.2221409475879317,rugarch
Burundi,BDI,2007,0.17042398612634,rugarch
Burundi,BDI,2008,0.44196683616433347,rugarch
Burundi,BDI,2009,0.20315130641017456,rugarch
Burundi,BDI,2010,0.16050385327476846,rugarch
Burundi,BDI,2011,0.20458351428770546,rugarch
Burundi,BDI,2012,0.5468811651876371,rugarch
Burundi,BDI,2013,0.19521493935249618,rugarch
Burundi,BDI,2014,0.1871709182721863,rugarch
Burundi,BDI,2015,0.18769353397489677,rugarch
Burundi,BDI,2016,0.16105938686736174,rugarch
Burundi,BDI,2017,0.3177931996486035,rugarch
Burundi,BDI,2018,0.788755290304818,rugarch
Burundi,BDI,2019,1.4459425151066,rugarch
Burundi,BDI,2020,1.1105710783625833,rugarch
Central African Republic,CAF,1990,0.3717019569560629,rugarch
Central African Republic,CAF,1991,0.37538048277194136,rugarch
Central African Republic,CAF,1992,0.36486964867978205,rugarch
Central African Republic,CAF,1993,0.38264564404024226,rugarch
Central African Republic,CAF,1994,0.37235236054722354,rugarch
Central African Republic,CAF,1995,0.37798981429094053,rugarch
Central African Republic,CAF,1996,0.36601156521724654,rugarch
Central African Republic,CAF,1997,0.3602074310397633,rugarch
Central African Republic,CAF,1998,0.3529456108412878,rugarch
Central African Republic,CAF,1999,0.34447803319207354,rugarch
Central African Republic,CAF,2000,0.33973624891458326,rugarch
Central African Republic,CAF,2001,0.33544293447982226,rugarch
Central African Republic,CAF,2002,0.3302327929405125,rugarch
Central African Republic,CAF,2003,0.3298503712294971,rugarch
Central African Republic,CAF,2004,0.33033100181646047,rugarch
Central African Republic,CAF,2005,0.3295757304383021,rugarch
Central African Republic,CAF,2006,0.32492018471333617,rugarch
Central African Republic,CAF,2007,0.3235744209499576,rugarch
Central African Republic,CAF,2008,0.31976364578192457,rugarch
Central African Republic,CAF,2009,0.41027323455733894,rugarch
Central African Republic,CAF,2010,0.40772626087582914,rugarch
Central African Republic,CAF,2011,0.3915853946237892,rugarch
Central African Republic,CAF,2012,0.39080316560459816,rugarch
Central African Republic,CAF,2013,0.37733998113735306,rugarch
Central African Republic,CAF,2014,0.3767071211557075,rugarch
Central African Republic,CAF,2015,0.4870484241168044,rugarch
Central African Republic,CAF,2016,0.4745581233532468,rugarch
Central African Republic,CAF,2017,0.5216690968417447,rugarch
Central African Republic,CAF,2018,0.4912424374661835,rugarch
Central African Republic,CAF,2019,0.46954815786272636,rugarch
Central African Republic,CAF,2020,0.5109292020124546,rugarch
Chad,TCD,1990,0.1248794348777136,fGarch
Chad,TCD,1991,0.09606541704738038,fGarch
Chad,TCD,1992,0.1284083204732218,fGarch
Chad,TCD,1993,0.10792706103078918,fGarch
Chad,TCD,1994,0.15140331960356773,fGarch
Chad,TCD,1995,0.15350231878368403,fGarch
Chad,TCD,1996,0.21337975358779776,fGarch
Chad,TCD,1997,0.1978058471104914,fGarch
Chad,TCD,1998,0.12396516334070988,fGarch
Chad,TCD,1999,0.14106136779254408,fGarch
Chad,TCD,2000,0.10708623957726764,fGarch
Chad,TCD,2001,0.09395000209401617,fGarch
Chad,TCD,2002,0.08651527788404738,fGarch
Chad,TCD,2003,0.08631725187999312,fGarch
Chad,TCD,2004,0.09997491617925931,fGarch
Chad,TCD,2005,0.09150489407563185,fGarch
Chad,TCD,2006,0.08691221270459447,fGarch
Chad,TCD,2007,0.13571208137758325,fGarch
Chad,TCD,2008,0.10829999052331955,fGarch
Chad,TCD,2009,0.12057318894944233,fGarch
Chad,TCD,2010,0.10867983016663109,fGarch
Chad,TCD,2011,0.0920937324290794,fGarch
Chad,TCD,2012,0.1069751905933015,fGarch
Chad,TCD,2013,0.09800041518837638,fGarch
Chad,TCD,2014,0.10411341672094304,fGarch
Chad,TCD,2015,0.11953443452313332,fGarch
Chad,TCD,2016,0.10518804285639922,fGarch
Chad,TCD,2017,0.12049227527570121,fGarch
Chad,TCD,2018,0.09497556936157761,fGarch
Chad,TCD,2019,0.10346340668987218,fGarch
Chad,TCD,2020,0.11790200581505915,fGarch
Comoros,COM,1990,0.2803794956566903,fGarch
Comoros,COM,1991,0.267340069330474,fGarch
Comoros,COM,1992,0.2693098818678744,fGarch
Comoros,COM,1993,0.27059807966138827,fGarch
Comoros,COM,1994,0.2701802801277804,fGarch
Comoros,COM,1995,0.26763143603657613,fGarch
Comoros,COM,1996,0.2691226996256324,fGarch
Comoros,COM,1997,0.2675429540342507,fGarch
Comoros,COM,1998,0.2696407520254797,fGarch
Comoros,COM,1999,0.27132139823924184,fGarch
Comoros,COM,2000,0.26852759879901605,fGarch
Comoros,COM,2001,0.27120417347553744,fGarch
Comoros,COM,2002,0.26949855208209555,fGarch
Comoros,COM,2003,0.268254863218095,fGarch
Comoros,COM,2004,0.2791147046272591,fGarch
Comoros,COM,2005,0.2863357730266638,fGarch
Comoros,COM,2006,0.2716236371986384,fGarch
Comoros,COM,2007,0.2700245394483826,fGarch
Comoros,COM,2008,0.2680973746710835,fGarch
Comoros,COM,2009,0.43831345284814366,fGarch
Comoros,COM,2010,0.33038996011888877,fGarch
Comoros,COM,2011,0.270290167152578,fGarch
Comoros,COM,2012,0.28726973178922666,fGarch
Comoros,COM,2013,0.268898223266765,fGarch
Comoros,COM,2014,0.2686881414603652,fGarch
Comoros,COM,2015,0.28173662545134576,fGarch
Comoros,COM,2016,0.26809933783026596,fGarch
Comoros,COM,2017,0.26736332895273546,fGarch
Comoros,COM,2018,0.26746227963672514,fGarch
Comoros,COM,2019,0.27427243704813653,fGarch
Comoros,COM,2020,0.2700120735098839,fGarch
"Congo, Dem. Rep.",COD,1990,0.17343172408313007,rugarch
"Congo, Dem. Rep.",COD,1991,0.1386760436003804,rugarch
"Congo, Dem. Rep.",COD,1992,0.11641762091889075,rugarch
"Congo, Dem. Rep.",COD,1993,0.10509226723958182,rugarch
"Congo, Dem. Rep.",COD,1994,0.09613995934377258,rugarch
"Congo, Dem. Rep.",COD,1995,0.09095785511179431,rugarch
"Congo, Dem. Rep.",COD,1996,0.08810314526276602,rugarch
"Congo, Dem. Rep.",COD,1997,0.09072482937484763,rugarch
"Congo, Dem. Rep.",COD,1998,0.09062583059153602,rugarch
"Congo, Dem. Rep.",COD,1999,0.08790025262023864,rugarch
"Congo, Dem. Rep.",COD,2000,0.08862097983914105,rugarch
"Congo, Dem. Rep.",COD,2001,0.10710661337672743,rugarch
"Congo, Dem. Rep.",COD,2002,0.1021864974882217,rugarch
"Congo, Dem. Rep.",COD,2003,0.12914096171804565,rugarch
"Congo, Dem. Rep.",COD,2004,0.11876300358003644,rugarch
"Congo, Dem. Rep.",COD,2005,0.10516292386678334,rugarch
"Congo, Dem. Rep.",COD,2006,0.09806186285986226,rugarch
"Congo, Dem. Rep.",COD,2007,0.14885306396066886,rugarch
"Congo, Dem. Rep.",COD,2008,0.12854074044339303,rugarch
"Congo, Dem. Rep.",COD,2009,0.34807599243009785,rugarch
"Congo, Dem. Rep.",COD,2010,0.3056534726101903,rugarch
"Congo, Dem. Rep.",COD,2011,0.2373137880607804,rugarch
"Congo, Dem. Rep.",COD,2012,0.20950478546248158,rugarch
"Congo, Dem. Rep.",COD,2013,0.2624112858024967,rugarch
"Congo, Dem. Rep.",COD,2014,0.306570083884361,rugarch
"Congo, Dem. Rep.",COD,2015,0.23636348445104557,rugarch
"Congo, Dem. Rep.",COD,2016,0.2689734627040237,rugarch
"Congo, Dem. Rep.",COD,2017,0.25037886697001777,rugarch
"Congo, Dem. Rep.",COD,2018,0.1988615862393882,rugarch
"Congo, Dem. Rep.",COD,2019,0.16535759362212912,rugarch
"Congo, Dem. Rep.",COD,2020,0.24149782714131987,rugarch
"Congo, Rep.",COG,1990,0.04644407813564764,fGarch
"Congo, Rep.",COG,1991,0.044504241129078644,fGarch
"Congo, Rep.",COG,1992,0.046118244854615534,fGarch
"Congo, Rep.",COG,1993,0.044433936947149553,fGarch
"Congo, Rep.",COG,1994,0.043358086494966835,fGarch
"Congo, Rep.",COG,1995,0.04259054385797358,fGarch
"Congo, Rep.",COG,1996,0.042166989454994856,fGarch
"Congo, Rep.",COG,1997,0.04185342939896592,fGarch
"Congo, Rep.",COG,1998,0.041641866704204056,fGarch
"Congo, Rep.",COG,1999,0.04153694737032233,fGarch
"Congo, Rep.",COG,2000,0.041304873018314495,fGarch
"Congo, Rep.",COG,2001,0.04141571216851817,fGarch
"Congo, Rep.",COG,2002,0.04129084935247032,fGarch
"Congo, Rep.",COG,2003,0.04147694825179915,fGarch
"Congo, Rep.",COG,2004,0.041881494388073,fGarch
"Congo, Rep.",COG,2005,0.042606717941672013,fGarch
"Congo, Rep.",COG,2006,0.04203435583827734,fGarch
"Congo, Rep.",COG,2007,0.04173789102462077,fGarch
"Congo, Rep.",COG,2008,0.04143499057206701,fGarch
"Congo, Rep.",COG,2009,0.06092179817761313,fGarch
"Congo, Rep.",COG,2010,0.05938011888037963,fGarch
"Congo, Rep.",COG,2011,0.0539515197521191,fGarch
"Congo, Rep.",COG,2012,0.05527464741409803,fGarch
"Congo, Rep.",COG,2013,0.053681211086831104,fGarch
"Congo, Rep.",COG,2014,0.05041410529745827,fGarch
"Congo, Rep.",COG,2015,0.053831169086971956,fGarch
"Congo, Rep.",COG,2016,0.05095499351498782,fGarch
"Congo, Rep.",COG,2017,0.048618963862132214,fGarch
"Congo, Rep.",COG,2018,0.04851961923118931,fGarch
"Congo, Rep.",COG,2019,0.04860205301482904,fGarch
"Congo, Rep.",COG,2020,0.04901421778214096,fGarch
Ethiopia,ETH,1990,0.13219404507933227,fGarch
Ethiopia,ETH,1991,0.08561582009817643,fGarch
Ethiopia,ETH,1992,0.08666543487076239,fGarch
Ethiopia,ETH,1993,0.11654903383894302,fGarch
Ethiopia,ETH,1994,0.10889428878148237,fGarch
Ethiopia,ETH,1995,0.0953202747556285,fGarch
Ethiopia,ETH,1996,0.10294199234255287,fGarch
Ethiopia,ETH,1997,0.08634472341276295,fGarch
Ethiopia,ETH,1998,0.10547249518937277,fGarch
Ethiopia,ETH,1999,0.09088067741847203,fGarch
Ethiopia,ETH,2000,0.16464912920551292,fGarch
Ethiopia,ETH,2001,0.0936168781567568,fGarch
Ethiopia,ETH,2002,0.08699921203838873,fGarch
Ethiopia,ETH,2003,0.12872106066736108,fGarch
Ethiopia,ETH,2004,0.08668528205027694,fGarch
Ethiopia,ETH,2005,0.09129372700447422,fGarch
Ethiopia,ETH,2006,0.10847387701718555,fGarch
Ethiopia,ETH,2007,0.19742908153731104,fGarch
Ethiopia,ETH,2008,0.34623134006507567,fGarch
Ethiopia,ETH,2009,0.18039187183554095,fGarch
Ethiopia,ETH,2010,0.08728268889478326,fGarch
Ethiopia,ETH,2011,0.13955313365099103,fGarch
Ethiopia,ETH,2012,0.22940539181386432,fGarch
Ethiopia,ETH,2013,0.09953625180151383,fGarch
Ethiopia,ETH,2014,0.10008491020858219,fGarch
Ethiopia,ETH,2015,0.08877680492886102,fGarch
Ethiopia,ETH,2016,0.12715940878444815,fGarch
Ethiopia,ETH,2017,0.11127139807199765,fGarch
Ethiopia,ETH,2018,0.08593934506742215,fGarch
Ethiopia,ETH,2019,0.08602275303771424,fGarch
Ethiopia,ETH,2020,0.09695133680776191,fGarch
"Gambia, The",GMB,1990,0.3120574513187306,rugarch
"Gambia, The",GMB,1991,0.27864557824702035,rugarch
"Gambia, The",GMB,1992,0.2896787266100515,rugarch
"Gambia, The",GMB,1993,0.28488108696833186,rugarch
"Gambia, The",GMB,1994,0.2592299194314606,rugarch
"Gambia, The",GMB,1995,0.237487641631325,rugarch
"Gambia, The",GMB,1996,0.22070327014731603,rugarch
"Gambia, The",GMB,1997,0.20803887160729037,rugarch
"Gambia, The",GMB,1998,0.1986438513980046,rugarch
"Gambia, The",GMB,1999,0.20445573585799182,rugarch
"Gambia, The",GMB,2000,0.20990736992224338,rugarch
"Gambia, The",GMB,2001,0.2072450482585961,rugarch
"Gambia, The",GMB,2002,0.199461140629587,rugarch
"Gambia, The",GMB,2003,0.23734529411773383,rugarch
"Gambia, The",GMB,2004,0.2345440295688109,rugarch
"Gambia, The",GMB,2005,0.23762831867082787,rugarch
"Gambia, The",GMB,2006,0.23366073387685998,rugarch
"Gambia, The",GMB,2007,0.37106139405861194,rugarch
"Gambia, The",GMB,2008,0.337411711463687,rugarch
"Gambia, The",GMB,2009,0.5103761365034003,rugarch
"Gambia, The",GMB,2010,0.5154629741959228,rugarch
"Gambia, The",GMB,2011,0.46352632051050363,rugarch
"Gambia, The",GMB,2012,0.4729870740225434,rugarch
"Gambia, The",GMB,2013,0.4096516374121653,rugarch
"Gambia, The",GMB,2014,0.3805633281540902,rugarch
"Gambia, The",GMB,2015,0.3340869655689471,rugarch
"Gambia, The",GMB,2016,0.3236836039997034,rugarch
"Gambia, The",GMB,2017,0.3903171319710596,rugarch
"Gambia, The",GMB,2018,0.36648562202263185,rugarch
"Gambia, The",GMB,2019,0.3242212314733694,rugarch
"Gambia, The",GMB,2020,0.5643851441980866,rugarch
Ghana,GHA,1990,0.10028936088231344,rugarch
Ghana,GHA,1991,0.13377007244031314,rugarch
Ghana,GHA,1992,0.24372106970570384,rugarch
Ghana,GHA,1993,0.22166975213950663,rugarch
Ghana,GHA,1994,0.07712356241285483,rugarch
Ghana,GHA,1995,0.059781338472522774,rugarch
Ghana,GHA,1996,0.09257242778206622,rugarch
Ghana,GHA,1997,0.059034802113391356,rugarch
Ghana,GHA,1998,0.06527234891903158,rugarch
Ghana,GHA,1999,0.06868881384884967,rugarch
Ghana,GHA,2000,0.06124345255636565,rugarch
Ghana,GHA,2001,0.05986267986197825,rugarch
Ghana,GHA,2002,0.10271076564258086,rugarch
Ghana,GHA,2003,0.13255864903028924,rugarch
Ghana,GHA,2004,0.060213741563022005,rugarch
Ghana,GHA,2005,0.0646942076182271,rugarch
Ghana,GHA,2006,0.05642087962852791,rugarch
Ghana,GHA,2007,0.06061573638431711,rugarch
Ghana,GHA,2008,0.06286263206146375,rugarch
Ghana,GHA,2009,0.06770832819928817,rugarch
Ghana,GHA,2010,0.07587960265902992,rugarch
Ghana,GHA,2011,0.06454047715954257,rugarch
Ghana,GHA,2012,0.07242788911058093,rugarch
Ghana,GHA,2013,0.0726078859235958,rugarch
Ghana,GHA,2014,0.05616258698450696,rugarch
Ghana,GHA,2015,0.05784380583029816,rugarch
Ghana,GHA,2016,0.08154385695989576,rugarch
Ghana,GHA,2017,0.05873803807501506,rugarch
Ghana,GHA,2018,0.07376348050107018,rugarch
Ghana,GHA,2019,0.07425857122554252,rugarch
Ghana,GHA,2020,0.056180036935678614,rugarch
Guinea-Bissau,GNB,1990,0.47626696704854177,fGarch
Guinea-Bissau,GNB,1991,0.4223339817528884,fGarch
Guinea-Bissau,GNB,1992,0.4021939051097492,fGarch
Guinea-Bissau,GNB,1993,0.38966399122762596,fGarch
Guinea-Bissau,GNB,1994,0.4442930492054648,fGarch
Guinea-Bissau,GNB,1995,0.511171793416996,fGarch
Guinea-Bissau,GNB,1996,0.4527494573423997,fGarch
Guinea-Bissau,GNB,1997,0.41640606882607334,fGarch
Guinea-Bissau,GNB,1998,0.3994017453310815,fGarch
Guinea-Bissau,GNB,1999,0.39229333263577043,fGarch
Guinea-Bissau,GNB,2000,0.3856812351474046,fGarch
Guinea-Bissau,GNB,2001,0.3887666062257238,fGarch
Guinea-Bissau,GNB,2002,0.3853319921103974,fGarch
Guinea-Bissau,GNB,2003,0.38763939218708476,fGarch
Guinea-Bissau,GNB,2004,0.3977190654001863,fGarch
Guinea-Bissau,GNB,2005,0.414355295608542,fGarch
Guinea-Bissau,GNB,2006,0.3955579696915503,fGarch
Guinea-Bissau,GNB,2007,0.3949819732199962,fGarch
Guinea-Bissau,GNB,2008,0.39541824105452716,fGarch
Guinea-Bissau,GNB,2009,0.7698523400143977,fGarch
Guinea-Bissau,GNB,2010,0.6865307395392398,fGarch
Guinea-Bissau,GNB,2011,0.6681217160462614,fGarch
Guinea-Bissau,GNB,2012,0.5477420416475878,fGarch
Guinea-Bissau,GNB,2013,0.7617198488476569,fGarch
Guinea-Bissau,GNB,2014,0.5687609328617694,fGarch
Guinea-Bissau,GNB,2015,0.5317827264754461,fGarch
Guinea-Bissau,GNB,2016,0.4593540999677424,fGarch
Guinea-Bissau,GNB,2017,0.42000341302815175,fGarch
Guinea-Bissau,GNB,2018,0.409490192255666,fGarch
Guinea-Bissau,GNB,2019,0.399422653013988,fGarch
Guinea-Bissau,GNB,2020,0.4029933533772453,fGarch
Haiti,HTI,1990,0.16237405460012505,fGarch
Haiti,HTI,1991,0.154451400930196,fGarch
Haiti,HTI,1992,0.15559817294774816,fGarch
Haiti,HTI,1993,0.15305581667457016,fGarch
Haiti,HTI,1994,0.16266955514340584,fGarch
Haiti,HTI,1995,0.15560400485594164,fGarch
Haiti,HTI,1996,0.19245602136232348,fGarch
Haiti,HTI,1997,0.16307776418860306,fGarch
Haiti,HTI,1998,0.15714321579847315,fGarch
Haiti,HTI,1999,0.1533384775030076,fGarch
Haiti,HTI,2000,0.15384508154513032,fGarch
Haiti,HTI,2001,0.15262672567022967,fGarch
Haiti,HTI,2002,0.1522968889741883,fGarch
Haiti,HTI,2003,0.16768964080025173,fGarch
Haiti,HTI,2004,0.15742104910687676,fGarch
Haiti,HTI,2005,0.156602112597529,fGarch
Haiti,HTI,2006,0.15870060230404345,fGarch
Haiti,HTI,2007,0.1536405043447232,fGarch
Haiti,HTI,2008,0.16205741802096324,fGarch
Haiti,HTI,2009,0.1555161270301785,fGarch
Haiti,HTI,2010,0.15450698236066687,fGarch
Haiti,HTI,2011,0.15452274029517005,fGarch
Haiti,HTI,2012,0.17955073252921244,fGarch
Haiti,HTI,2013,0.15852265678480784,fGarch
Haiti,HTI,2014,0.1547096168117006,fGarch
Haiti,HTI,2015,0.15911785828463257,fGarch
Haiti,HTI,2016,0.16953191605435214,fGarch
Haiti,HTI,2017,0.1849639363295828,fGarch
Haiti,HTI,2018,0.1756181057158189,fGarch
Haiti,HTI,2019,0.18846513083761302,fGarch
Haiti,HTI,2020,0.17072834169173967,fGarch
Kenya,KEN,1990,0.06443412516107251,fGarch
Kenya,KEN,1991,0.0467267814594483,fGarch
Kenya,KEN,1992,0.070534452407389,fGarch
Kenya,KEN,1993,0.051705760541102354,fGarch
Kenya,KEN,1994,0.06619612846280402,fGarch
Kenya,KEN,1995,0.055251928255769016,fGarch
Kenya,KEN,1996,0.059340659050738834,fGarch
Kenya,KEN,1997,0.05167655129621829,fGarch
Kenya,KEN,1998,0.07425364905654787,fGarch
Kenya,KEN,1999,0.057381547493861366,fGarch
Kenya,KEN,2000,0.04701070398381347,fGarch
Kenya,KEN,2001,0.05064605771023067,fGarch
Kenya,KEN,2002,0.08085533668249018,fGarch
Kenya,KEN,2003,0.07041475136147009,fGarch
Kenya,KEN,2004,0.04682944330502978,fGarch
Kenya,KEN,2005,0.05031665978443809,fGarch
Kenya,KEN,2006,0.046758332009078786,fGarch
Kenya,KEN,2007,0.04857610070591422,fGarch
Kenya,KEN,2008,0.05173455876369224,fGarch
Kenya,KEN,2009,0.07357961548968112,fGarch
Kenya,KEN,2010,0.057756866024324775,fGarch
Kenya,KEN,2011,0.06758039797240697,fGarch
Kenya,KEN,2012,0.09549509477859423,fGarch
Kenya,KEN,2013,0.06160860791526377,fGarch
Kenya,KEN,2014,0.05057705390284839,fGarch
Kenya,KEN,2015,0.05628354630910857,fGarch
Kenya,KEN,2016,0.04984472522990282,fGarch
Kenya,KEN,2017,0.04784599264967657,fGarch
Kenya,KEN,2018,0.05670129283044455,fGarch
Kenya,KEN,2019,0.06661270857253727,fGarch
Kenya,KEN,2020,0.09335945391481905,fGarch
Kiribati,KIR,1990,0.4328593664353478,rugarch
Kiribati,KIR,1991,0.4095762654643939,rugarch
Kiribati,KIR,1992,0.4024761223281683,rugarch
Kiribati,KIR,1993,0.3832883661021345,rugarch
Kiribati,KIR,1994,0.3918887925051024,rugarch
Kiribati,KIR,1995,0.37365201065473735,rugarch
Kiribati,KIR,1996,0.3838994124651611,rugarch
Kiribati,KIR,1997,0.3687792913135504,rugarch
Kiribati,KIR,1998,0.35426588857518937,rugarch
Kiribati,KIR,1999,0.34254007937272657,rugarch
Kiribati,KIR,2000,0.33283913943137305,rugarch
Kiribati,KIR,2001,0.40806026285857955,rugarch
Kiribati,KIR,2002,0.4643553390766741,rugarch
Kiribati,KIR,2003,0.4353222520594074,rugarch
Kiribati,KIR,2004,0.41158676475858097,rugarch
Kiribati,KIR,2005,0.3904303226188367,rugarch
Kiribati,KIR,2006,0.37267371059903825,rugarch
Kiribati,KIR,2007,0.3574964304072038,rugarch
Kiribati,KIR,2008,0.3555188942478737,rugarch
Kiribati,KIR,2009,0.34410950003122975,rugarch
Kiribati,KIR,2010,0.34082334684360366,rugarch
Kiribati,KIR,2011,0.33236965317853995,rugarch
Kiribati,KIR,2012,0.3698075743254389,rugarch
Kiribati,KIR,2013,0.531524620263335,rugarch
Kiribati,KIR,2014,0.49371274664833836,rugarch
Kiribati,KIR,2015,0.6212614059894888,rugarch
Kiribati,KIR,2016,0.6507999417118003,rugarch
Kiribati,KIR,2017,0.6051394696968829,rugarch
Kiribati,KIR,2018,0.5835058176097903,rugarch
Kiribati,KIR,2019,0.5389653621633833,rugarch
Kiribati,KIR,2020,0.5025485190855268,rugarch
Lao PDR,LAO,1990,0.10261085192372768,fGarch
Lao PDR,LAO,1991,0.05659854923831962,fGarch
Lao PDR,LAO,1992,0.05008718426897537,fGarch
Lao PDR,LAO,1993,0.04857161133593548,fGarch
Lao PDR,LAO,1994,0.05280219234106004,fGarch
Lao PDR,LAO,1995,0.04986747171961978,fGarch
Lao PDR,LAO,1996,0.05022936752301494,fGarch
Lao PDR,LAO,1997,0.048586317472068555,fGarch
Lao PDR,LAO,1998,0.04936100488738329,fGarch
Lao PDR,LAO,1999,0.04852167910845712,fGarch
Lao PDR,LAO,2000,0.05384180771613414,fGarch
Lao PDR,LAO,2001,0.16827011327303681,fGarch
Lao PDR,LAO,2002,0.148387133079618,fGarch
Lao PDR,LAO,2003,0.06779015480383395,fGarch
Lao PDR,LAO,2004,0.051572219234159174,fGarch
Lao PDR,LAO,2005,0.06058255941943444,fGarch
Lao PDR,LAO,2006,0.0537229566450132,fGarch
Lao PDR,LAO,2007,0.0514709246012788,fGarch
Lao PDR,LAO,2008,0.057658448201467316,fGarch
Lao PDR,LAO,2009,0.08882494930692945,fGarch
Lao PDR,LAO,2010,0.08844825474436561,fGarch
Lao PDR,LAO,2011,0.22744906210928173,fGarch
Lao PDR,LAO,2012,0.13129672479942403,fGarch
Lao PDR,LAO,2013,0.09498935401845666,fGarch
Lao PDR,LAO,2014,0.05990877268478426,fGarch
Lao PDR,LAO,2015,0.05015532747708759,fGarch
Lao PDR,LAO,2016,0.10713076769763782,fGarch
Lao PDR,LAO,2017,0.198656254417745,fGarch
Lao PDR,LAO,2018,0.09485938139473303,fGarch
Lao PDR,LAO,2019,0.20443136875876713,fGarch
Lao PDR,LAO,2020,0.1848346285766901,fGarch
Malawi,MWI,1990,0.5331960063315162,fGarch
Malawi,MWI,1991,0.44791046818382785,fGarch
Malawi,MWI,1992,0.462088734984581,fGarch
Malawi,MWI,1993,0.4994319321537172,fGarch
Malawi,MWI,1994,0.4525097958064059,fGarch
Malawi,MWI,1995,0.5659133909965542,fGarch
Malawi,MWI,1996,0.4953148434612784,fGarch
Malawi,MWI,1997,0.614256524108968,fGarch
Malawi,MWI,1998,0.6244084771933929,fGarch
Malawi,MWI,1999,0.5224681536510345,fGarch
Malawi,MWI,2000,0.7259044139577852,fGarch
Malawi,MWI,2001,0.4678201428495049,fGarch
Malawi,MWI,2002,0.5735408012821391,fGarch
Malawi,MWI,2003,0.4555053979211325,fGarch
Malawi,MWI,2004,0.4620667153039148,fGarch
Malawi,MWI,2005,0.5809774561176532,fGarch
Malawi,MWI,2006,0.4492742353757902,fGarch
Malawi,MWI,2007,0.5010084548638243,fGarch
Malawi,MWI,2008,0.47830734767280214,fGarch
Malawi,MWI,2009,0.5547186537824105,fGarch
Malawi,MWI,2010,0.4497548701179974,fGarch
Malawi,MWI,2011,0.4790151778306684,fGarch
Malawi,MWI,2012,0.7365896742582784,fGarch
Malawi,MWI,2013,0.8908466426771999,fGarch
Malawi,MWI,2014,0.47307298478125803,fGarch
Malawi,MWI,2015,0.46678205833876235,fGarch
Malawi,MWI,2016,0.4494678790535082,fGarch
Malawi,MWI,2017,0.4517898196513654,fGarch
Malawi,MWI,2018,0.4496513377496226,fGarch
Malawi,MWI,2019,0.5447498093281378,fGarch
Malawi,MWI,2020,0.4479205998620203,fGarch
Mozambique,MOZ,1990,0.5281094076416506,rugarch
Mozambique,MOZ,1991,0.660926809600328,rugarch
Mozambique,MOZ,1992,1.0417158775018691,rugarch
Mozambique,MOZ,1993,0.7317550184403298,rugarch
Mozambique,MOZ,1994,1.7680121547905003,rugarch
Mozambique,MOZ,1995,0.8620597601795448,rugarch
Mozambique,MOZ,1996,0.8790703400518052,rugarch
Mozambique,MOZ,1997,0.7455557259104414,rugarch
Mozambique,MOZ,1998,0.510829895011315,rugarch
Mozambique,MOZ,1999,0.36806626054272235,rugarch
Mozambique,MOZ,2000,0.19340920058251138,rugarch
Mozambique,MOZ,2001,0.18330124626341157,rugarch
Mozambique,MOZ,2002,0.17645108852258487,rugarch
Mozambique,MOZ,2003,0.2888331291163063,rugarch
Mozambique,MOZ,2004,0.3608669003562131,rugarch
Mozambique,MOZ,2005,0.22753678185879425,rugarch
Mozambique,MOZ,2006,0.17225967271697357,rugarch
Mozambique,MOZ,2007,0.201488659585259,rugarch
Mozambique,MOZ,2008,0.17341567291551907,rugarch
Mozambique,MOZ,2009,0.38815087304829105,rugarch
Mozambique,MOZ,2010,0.1920684913999086,rugarch
Mozambique,MOZ,2011,0.21242907355867194,rugarch
Mozambique,MOZ,2012,0.2233634694766926,rugarch
Mozambique,MOZ,2013,0.24297278161200422,rugarch
Mozambique,MOZ,2014,0.3188075969089793,rugarch
Mozambique,MOZ,2015,0.36631691195328536,rugarch
Mozambique,MOZ,2016,0.5232450744429888,rugarch
Mozambique,MOZ,2017,0.2114803291626228,rugarch
Mozambique,MOZ,2018,0.26615609211351343,rugarch
Mozambique,MOZ,2019,0.29903479226837626,rugarch
Mozambique,MOZ,2020,0.3452463599465428,rugarch
Niger,NER,1990,0.22016622237101216,rugarch
Niger,NER,1991,0.1035214351862625,rugarch
Niger,NER,1992,0.11362650311703755,rugarch
Niger,NER,1993,0.11601096237467214,rugarch
Niger,NER,1994,0.10655572335789207,rugarch
Niger,NER,1995,0.21341912918218192,rugarch
Niger,NER,1996,0.10479944675262122,rugarch
Niger,NER,1997,0.16010869870698996,rugarch
Niger,NER,1998,0.10067946969310526,rugarch
Niger,NER,1999,0.10611123505072433,rugarch
Niger,NER,2000,0.10463779264632662,rugarch
Niger,NER,2001,0.09798678329117302,rugarch
Niger,NER,2002,0.11628344639658061,rugarch
Niger,NER,2003,0.10259231752928032,rugarch
Niger,NER,2004,0.11522321668578916,rugarch
Niger,NER,2005,0.11329857257804193,rugarch
Niger,NER,2006,0.11187154035544043,rugarch
Niger,NER,2007,0.17766619790145466,rugarch
Niger,NER,2008,0.17347460231210016,rugarch
Niger,NER,2009,0.5665670320027438,rugarch
Niger,NER,2010,0.24424706312628283,rugarch
Niger,NER,2011,0.31922576741222924,rugarch
Niger,NER,2012,0.2153335778105155,rugarch
Niger,NER,2013,0.3664330011282837,rugarch
Niger,NER,2014,0.4532685784420833,rugarch
Niger,NER,2015,0.17411362493465754,rugarch
Niger,NER,2016,0.1369440065066,rugarch
Niger,NER,2017,0.16627641586485473,rugarch
Niger,NER,2018,0.13126659652947142,rugarch
Niger,NER,2019,0.19410989916438662,rugarch
Niger,NER,2020,0.46968518638549017,rugarch
Pakistan,PAK,1990,0.043399806220242386,fGarch
Pakistan,PAK,1991,0.03132538372791737,fGarch
Pakistan,PAK,1992,0.04968869923937216,fGarch
Pakistan,PAK,1993,0.03157211591905285,fGarch
Pakistan,PAK,1994,0.03671548205663255,fGarch
Pakistan,PAK,1995,0.06424108363033677,fGarch
Pakistan,PAK,1996,0.06316037347300367,fGarch
Pakistan,PAK,1997,0.03227112495695285,fGarch
Pakistan,PAK,1998,0.03169928003556609,fGarch
Pakistan,PAK,1999,0.03199168997253504,fGarch
Pakistan,PAK,2000,0.03315710632931408,fGarch
Pakistan,PAK,2001,0.0335415431940382,fGarch
Pakistan,PAK,2002,0.03584099451100729,fGarch
Pakistan,PAK,2003,0.03353089437454096,fGarch
Pakistan,PAK,2004,0.03179524360945135,fGarch
Pakistan,PAK,2005,0.04008944915732606,fGarch
Pakistan,PAK,2006,0.032328505411757566,fGarch
Pakistan,PAK,2007,0.03220163432515337,fGarch
Pakistan,PAK,2008,0.0331037934128053,fGarch
Pakistan,PAK,2009,0.04955359384236869,fGarch
Pakistan,PAK,2010,0.04017987423801982,fGarch
Pakistan,PAK,2011,0.055925039604005716,fGarch
Pakistan,PAK,2012,0.07476056767193795,fGarch
Pakistan,PAK,2013,0.05549565510894745,fGarch
Pakistan,PAK,2014,0.05094751933561142,fGarch
Pakistan,PAK,2015,0.05469588834979423,fGarch
Pakistan,PAK,2016,0.05188324073448316,fGarch
Pakistan,PAK,2017,0.03136359200078416,fGarch
Pakistan,PAK,2018,0.040233673334754166,fGarch
Pakistan,PAK,2019,0.03291547279430408,fGarch
Pakistan,PAK,2020,0.03230404905393141,fGarch
Samoa,WSM,1990,0.1711053061477194,rugarch
Samoa,WSM,1991,0.0846459236555814,rugarch
Samoa,WSM,1992,0.0513609689867957,rugarch
Samoa,WSM,1993,0.04907179503353691,rugarch
Samoa,WSM,1994,0.03947259412607437,rugarch
Samoa,WSM,1995,0.038435361018377745,rugarch
Samoa,WSM,1996,0.03831818670032414,rugarch
Samoa,WSM,1997,0.037238056504402164,rugarch
Samoa,WSM,1998,0.04124466283923111,rugarch
Samoa,WSM,1999,0.045723756704760386,rugarch
Samoa,WSM,2000,0.047105197627667954,rugarch
Samoa,WSM,2001,0.04053423285613166,rugarch
Samoa,WSM,2002,0.03639952222799713,rugarch
Samoa,WSM,2003,0.037658333526079425,rugarch
Samoa,WSM,2004,0.03706168370774809,rugarch
Samoa,WSM,2005,0.03639571695464923,rugarch
Samoa,WSM,2006,0.07617762254423319,rugarch
Samoa,WSM,2007,0.05016207519233099,rugarch
Samoa,WSM,2008,0.03764879932032361,rugarch
Samoa,WSM,2009,0.04543235299530563,rugarch
Samoa,WSM,2010,0.03896537481390423,rugarch
Samoa,WSM,2011,0.059734134853795036,rugarch
Samoa,WSM,2012,0.06627754215695487,rugarch
Samoa,WSM,2013,0.11725407245439545,rugarch
Samoa,WSM,2014,0.23524075528852598,rugarch
Samoa,WSM,2015,0.14707749717698043,rugarch
Samoa,WSM,2016,0.11271168244905472,rugarch
Samoa,WSM,2017,0.09164886206423767,rugarch
Samoa,WSM,2018,0.060572809571707,rugarch
Samoa,WSM,2019,0.18452450095547696,rugarch
Samoa,WSM,2020,0.27222429918188784,rugarch
São Tomé and Príncipe,STP,2001,1.244051170406551,fGarch
São Tomé and Príncipe,STP,2002,0.7560953597278786,fGarch
São Tomé and Príncipe,STP,2003,1.389767618874894,fGarch
São Tomé and Príncipe,STP,2004,0.8359301494136288,fGarch
São Tomé and Príncipe,STP,2005,1.6502299563755254,fGarch
São Tomé and Príncipe,STP,2006,1.5576956311385388,fGarch
São Tomé and Príncipe,STP,2007,1.5369075060330022,fGarch
São Tomé and Príncipe,STP,2008,1.4213306792041964,fGarch
São Tomé and Príncipe,STP,2009,3.234224808457334,fGarch
São Tomé and Príncipe,STP,2010,2.114102365381908,fGarch
São Tomé and Príncipe,STP,2011,1.2334272298851934,fGarch
São Tomé and Príncipe,STP,2012,1.505586854486358,fGarch
São Tomé and Príncipe,STP,2013,1.0148178849173435,fGarch
São Tomé and Príncipe,STP,2014,0.7287243698977416,fGarch
São Tomé and Príncipe,STP,2015,0.5218212432110705,fGarch
São Tomé and Príncipe,STP,2016,0.4140910787616154,fGarch
São Tomé and Príncipe,STP,2017,0.43534412896475727,fGarch
São Tomé and Príncipe,STP,2018,0.3899543564657519,fGarch
São Tomé and Príncipe,STP,2019,0.3643328014089472,fGarch
São Tomé and Príncipe,STP,2020,0.47041861626776643,fGarch
Senegal,SEN,1990,0.09927831021199343,fGarch
Senegal,SEN,1991,0.09558682965324704,fGarch
Senegal,SEN,1992,0.09567261364326489,fGarch
Senegal,SEN,1993,0.10817816333388314,fGarch
Senegal,SEN,1994,0.11049088144746746,fGarch
Senegal,SEN,1995,0.09716360848503795,fGarch
Senegal,SEN,1996,0.103565987543693,fGarch
Senegal,SEN,1997,0.09815979365133234,fGarch
Senegal,SEN,1998,0.09904830472204094,fGarch
Senegal,SEN,1999,0.09720685637240722,fGarch
Senegal,SEN,2000,0.09720806938263793,fGarch
Senegal,SEN,2001,0.09707766911243154,fGarch
Senegal,SEN,2002,0.09650899648145297,fGarch
Senegal,SEN,2003,0.10715224435291629,fGarch
Senegal,SEN,2004,0.09573532070164674,fGarch
Senegal,SEN,2005,0.0967564338980185,fGarch
Senegal,SEN,2006,0.09752871821387638,fGarch
Senegal,SEN,2007,0.09812891958767325,fGarch
Senegal,SEN,2008,0.09625173795413869,fGarch
Senegal,SEN,2009,0.0988364047980439,fGarch
Senegal,SEN,2010,0.09886658178241449,fGarch
Senegal,SEN,2011,0.09579115312469061,fGarch
Senegal,SEN,2012,0.09582612828183311,fGarch
Senegal,SEN,2013,0.09585265870828856,fGarch
Senegal,SEN,2014,0.11066815840286649,fGarch
Senegal,SEN,2015,0.10290393194705034,fGarch
Senegal,SEN,2016,0.1003193385386352,fGarch
Senegal,SEN,2017,0.09565466124710406,fGarch
Senegal,SEN,2018,0.0956567754038279,fGarch
Senegal,SEN,2019,0.10032050884525567,fGarch
Senegal,SEN,2020,0.09742433961526174,fGarch
Sierra Leone,SLE,1990,0.3123794794565643,rugarch
Sierra Leone,SLE,1991,0.10437478601285961,rugarch
Sierra Leone,SLE,1992,0.12342644280996752,rugarch
Sierra Leone,SLE,1993,0.11329312442432637,rugarch
Sierra Leone,SLE,1994,0.10808752708960186,rugarch
Sierra Leone,SLE,1995,0.10963051052853082,rugarch
Sierra Leone,SLE,1996,0.10316818831015342,rugarch
Sierra Leone,SLE,1997,0.11727929449168882,rugarch
Sierra Leone,SLE,1998,0.11227428039358152,rugarch
Sierra Leone,SLE,1999,0.1491533307335775,rugarch
Sierra Leone,SLE,2000,0.1062989609379576,rugarch
Sierra Leone,SLE,2001,0.23864392709361482,rugarch
Sierra Leone,SLE,2002,0.14633742832094748,rugarch
Sierra Leone,SLE,2003,0.2528182201170942,rugarch
Sierra Leone,SLE,2004,0.1421153832344584,rugarch
Sierra Leone,SLE,2005,0.11695586146078109,rugarch
Sierra Leone,SLE,2006,0.11115916815751105,rugarch
Sierra Leone,SLE,2007,0.1854286239090878,rugarch
Sierra Leone,SLE,2008,0.20101724702345783,rugarch
Sierra Leone,SLE,2009,0.6089196107981569,rugarch
Sierra Leone,SLE,2010,0.6599243413342066,rugarch
Sierra Leone,SLE,2011,0.4673546336421169,rugarch
Sierra Leone,SLE,2012,0.4363439394356307,rugarch
Sierra Leone,SLE,2013,0.17110270374190187,rugarch
Sierra Leone,SLE,2014,0.31196363311896064,rugarch
Sierra Leone,SLE,2015,0.4221220119262921,rugarch
Sierra Leone,SLE,2016,0.6180103479673356,rugarch
Sierra Leone,SLE,2017,0.49962331695529977,rugarch
Sierra Leone,SLE,2018,0.8476721953796224,rugarch
Sierra Leone,SLE,2019,0.218778607290734,rugarch
Sierra Leone,SLE,2020,0.11117991055466421,rugarch
Somalia,SOM,2013,0.5974642001033961,rugarch
Somalia,SOM,2014,0.7681891182611332,rugarch
Somalia,SOM,2015,0.9950289952460659,rugarch
Somalia,SOM,2016,0.36918683199640584,rugarch
Somalia,SOM,2017,0.3643996163189833,rugarch
Somalia,SOM,2018,0.20150936834688435,rugarch
Somalia,SOM,2019,0.14949435457149948,rugarch
Somalia,SOM,2020,0.15469548444461761,rugarch
Tajikistan,TJK,1990,0.06301984007217444,fGarch
Tajikistan,TJK,1991,0.05221378606096122,fGarch
Tajikistan,TJK,1992,0.05041406692064953,fGarch
Tajikistan,TJK,1993,0.04986878573351812,fGarch
Tajikistan,TJK,1994,0.04970620310443717,fGarch
Tajikistan,TJK,1995,0.054918943197232555,fGarch
Tajikistan,TJK,1996,0.06972004861539419,fGarch
Tajikistan,TJK,1997,0.05626743489731079,fGarch
Tajikistan,TJK,1998,0.05158476747106072,fGarch
Tajikistan,TJK,1999,0.05031492769712989,fGarch
Tajikistan,TJK,2000,0.04911061204647624,fGarch
Tajikistan,TJK,2001,0.04793798209815105,fGarch
Tajikistan,TJK,2002,0.04724946004596413,fGarch
Tajikistan,TJK,2003,0.05158870024279718,fGarch
Tajikistan,TJK,2004,0.0552169391979847,fGarch
Tajikistan,TJK,2005,0.05024603230987219,fGarch
Tajikistan,TJK,2006,0.047937204587730375,fGarch
Tajikistan,TJK,2007,0.05044273198259298,fGarch
Tajikistan,TJK,2008,0.04983437746519003,fGarch
Tajikistan,TJK,2009,0.1066271198931934,fGarch
Tajikistan,TJK,2010,0.07679499119039015,fGarch
Tajikistan,TJK,2011,0.09809760233269815,fGarch
Tajikistan,TJK,2012,0.10260096157396312,fGarch
Tajikistan,TJK,2013,0.09265161661966681,fGarch
Tajikistan,TJK,2014,0.06803710082967132,fGarch
Tajikistan,TJK,2015,0.07385026918635994,fGarch
Tajikistan,TJK,2016,0.06452150930890369,fGarch
Tajikistan,TJK,2017,0.05322613613450771,fGarch
Tajikistan,TJK,2018,0.05494020730069005,fGarch
Tajikistan,TJK,2019,0.055561950511531365,fGarch
Tajikistan,TJK,2020,0.05209023509861739,fGarch
Uganda,UGA,1990,0.11888498376529298,fGarch
Uganda,UGA,1991,0.11060005523954577,fGarch
Uganda,UGA,1992,0.11192684046088593,fGarch
Uganda,UGA,1993,0.11468974025728353,fGarch
Uganda,UGA,1994,0.10916545356968368,fGarch
Uganda,UGA,1995,0.1082539319633836,fGarch
Uganda,UGA,1996,0.11859254571921311,fGarch
Uganda,UGA,1997,0.1109014743604616,fGarch
Uganda,UGA,1998,0.10777226661871132,fGarch
Uganda,UGA,1999,0.10664202520057531,fGarch
Uganda,UGA,2000,0.11670136352389149,fGarch
Uganda,UGA,2001,0.12582139834746572,fGarch
Uganda,UGA,2002,0.12174164591205648,fGarch
Uganda,UGA,2003,0.15902042891084817,fGarch
Uganda,UGA,2004,0.1302319124822112,fGarch
Uganda,UGA,2005,0.1301648644102461,fGarch
Uganda,UGA,2006,0.13007170734182977,fGarch
Uganda,UGA,2007,0.127209643415886,fGarch
Uganda,UGA,2008,0.11778587281788563,fGarch
Uganda,UGA,2009,0.12174311557936919,fGarch
Uganda,UGA,2010,0.11207210598935198,fGarch
Uganda,UGA,2011,0.11413196685075051,fGarch
Uganda,UGA,2012,0.11530160549415143,fGarch
Uganda,UGA,2013,0.1175830789405082,fGarch
Uganda,UGA,2014,0.12590900004327785,fGarch
Uganda,UGA,2015,0.11403228694900093,fGarch
Uganda,UGA,2016,0.10880152712206623,fGarch
Uganda,UGA,2017,0.10929744474922069,fGarch
Uganda,UGA,2018,0.10710925019822723,fGarch
Uganda,UGA,2019,0.10709366174795018,fGarch
Uganda,UGA,2020,0.1390460700116659,fGarch
Vanuatu,VUT,1990,0.19768208402397236,fGarch
Vanuatu,VUT,1991,0.13002521148180032,fGarch
Vanuatu,VUT,1992,0.25670003441754924,fGarch
Vanuatu,VUT,1993,0.15671980946929728,fGarch
Vanuatu,VUT,1994,0.11297972125791417,fGarch
Vanuatu,VUT,1995,0.12430641635539427,fGarch
Vanuatu,VUT,1996,0.10736555242939061,fGarch
Vanuatu,VUT,1997,0.12058933150846458,fGarch
Vanuatu,VUT,1998,0.12946039059564673,fGarch
Vanuatu,VUT,1999,0.13132925008665078,fGarch
Vanuatu,VUT,2000,0.13443258202636904,fGarch
Vanuatu,VUT,2001,0.20105229959700696,fGarch
Vanuatu,VUT,2002,0.13303587873823167,fGarch
Vanuatu,VUT,2003,0.12410873714173835,fGarch
Vanuatu,VUT,2004,0.11885726374792176,fGarch
Vanuatu,VUT,2005,0.11540413904343667,fGarch
Vanuatu,VUT,2006,0.10551961522598359,fGarch
Vanuatu,VUT,2007,0.09554589436479986,fGarch
Vanuatu,VUT,2008,0.10163971909819128,fGarch
Vanuatu,VUT,2009,0.09392804843915432,fGarch
Vanuatu,VUT,2010,0.09430901541878997,fGarch
Vanuatu,VUT,2011,0.1029725199685376,fGarch
Vanuatu,VUT,2012,0.11149437340723933,fGarch
Vanuatu,VUT,2013,0.09882768094961299,fGarch
Vanuatu,VUT,2014,0.12714347745826096,fGarch
Vanuatu,VUT,2015,0.10336850066334502,fGarch
Vanuatu,VUT,2016,0.09392938036194169,fGarch
Vanuatu,VUT,2017,0.09493725264476538,fGarch
Vanuatu,VUT,2018,0.09423945439685032,fGarch
Vanuatu,VUT,2019,0.294006198552781,fGarch
Vanuatu,VUT,2020,0.30208423595736317,fGarch
Zambia,ZMB,1990,0.10640949376697652,fGarch
Zambia,ZMB,1991,0.10599464139946076,fGarch
Zambia,ZMB,1992,0.10669459417059526,fGarch
Zambia,ZMB,1993,0.10646412630165605,fGarch
Zambia,ZMB,1994,0.10624490607432974,fGarch
Zambia,ZMB,1995,0.10615241637098512,fGarch
Zambia,ZMB,1996,0.10588289158012537,fGarch
Zambia,ZMB,1997,0.10634960542986335,fGarch
Zambia,ZMB,1998,0.1060255548083811,fGarch
Zambia,ZMB,1999,0.10574036634770188,fGarch
Zambia,ZMB,2000,0.10554600325711634,fGarch
Zambia,ZMB,2001,0.10546582798797888,fGarch
Zambia,ZMB,2002,0.10541546645213938,fGarch
Zambia,ZMB,2003,0.10543550676860282,fGarch
Zambia,ZMB,2004,0.10533493912163219,fGarch
Zambia,ZMB,2005,0.10527943323012047,fGarch
Zambia,ZMB,2006,0.10551731320797034,fGarch
Zambia,ZMB,2007,0.10540686068022517,fGarch
Zambia,ZMB,2008,0.10537047153652336,fGarch
Zambia,ZMB,2009,0.10639878112842475,fGarch
Zambia,ZMB,2010,0.10598850140575745,fGarch
Zambia,ZMB,2011,0.1062963382346302,fGarch
Zambia,ZMB,2012,0.10673053969485558,fGarch
Zambia,ZMB,2013,0.10627818455653336,fGarch
Zambia,ZMB,2014,0.10717601324914769,fGarch
Zambia,ZMB,2015,0.10689869326099644,fGarch
Zambia,ZMB,2016,0.10633353711952659,fGarch
Zambia,ZMB,2017,0.10623600119790735,fGarch
Zambia,ZMB,2018,0.10587976038866397,fGarch
Zambia,ZMB,2019,0.1056753268420677,fGarch
Zambia,ZMB,2020,0.10597228955877334,fGarch
Zimbabwe,ZWE,1990,0.1794940006608422,fGarch
Zimbabwe,ZWE,1991,0.1658031683524541,fGarch
Zimbabwe,ZWE,1992,0.1588457743478881,fGarch
Zimbabwe,ZWE,1993,0.16484899812971715,fGarch
Zimbabwe,ZWE,1994,0.19146379563450142,fGarch
Zimbabwe,ZWE,1995,0.1774618439275295,fGarch
Zimbabwe,ZWE,1996,0.17114283859564886,fGarch
Zimbabwe,ZWE,1997,0.16328943367754434,fGarch
Zimbabwe,ZWE,1998,0.15479140673642994,fGarch
Zimbabwe,ZWE,1999,0.15616344557385942,fGarch
Zimbabwe,ZWE,2000,0.15055375416735126,fGarch
Zimbabwe,ZWE,2001,0.1482674297126168,fGarch
Zimbabwe,ZWE,2002,0.1509322035135666,fGarch
Zimbabwe,ZWE,2003,0.15067996163484235,fGarch
Zimbabwe,ZWE,2004,0.1466756638014535,fGarch
Zimbabwe,ZWE,2005,0.14408617277779753,fGarch
Zimbabwe,ZWE,2006,0.14279451603073107,fGarch
Zimbabwe,ZWE,2007,0.14222096390700498,fGarch
Zimbabwe,ZWE,2008,0.14146250170250307,fGarch
Zimbabwe,ZWE,2009,0.19534915194709587,fGarch
Zimbabwe,ZWE,2010,0.18625969639870726,fGarch
Zimbabwe,ZWE,2011,0.19362004972911095,fGarch
Zimbabwe,ZWE,2012,0.17796052393980363,fGarch
Zimbabwe,ZWE,2013,0.2764689628211148,fGarch
Zimbabwe,ZWE,2014,0.2628732075363815,fGarch
Zimbabwe,ZWE,2015,0.22829746781832852,fGarch
Zimbabwe,ZWE,2016,0.21371374234595597,fGarch
Zimbabwe,ZWE,2017,0.2174333876415288,fGarch
Zimbabwe,ZWE,2018,0.22087008349998988,fGarch
Zimbabwe,ZWE,2019,0.20235052775254656,fGarch
Zimbabwe,ZWE,2020,0.18202157171972896,fGarch
