country,country.code,year,economic.group,sdg381_rmnch,sdg381_rmnch_average
Afghanistan,AFG,2011,Quintile 1 (poorest),,
Afghanistan,AFG,2011,Quintile 2,,
Afghanistan,AFG,2011,Quintile 3,,
Afghanistan,AFG,2011,Quintile 4,,
Afghanistan,AFG,2011,Quintile 5 (richest),,
Afghanistan,AFG,2015,Quintile 1 (poorest),39.18498611450195,47.96293258666992
Afghanistan,AFG,2015,Quintile 2,43.4254035949707,47.96293258666992
Afghanistan,AFG,2015,Quintile 3,43.32467269897461,47.96293258666992
Afghanistan,AFG,2015,Quintile 4,52.75040817260742,47.96293258666992
Afghanistan,AFG,2015,Quintile 5 (richest),60.54618835449219,47.96293258666992
Algeria,DZA,2012,Quintile 1 (poorest),72.34297180175781,76.21467590332031
Algeria,DZA,2012,Quintile 2,75.46646881103516,76.21467590332031
Algeria,DZA,2012,Quintile 3,76.3410415649414,76.21467590332031
Algeria,DZA,2012,Quintile 4,79.2207260131836,76.21467590332031
Algeria,DZA,2012,Quintile 5 (richest),79.57960510253906,76.21467590332031
Algeria,DZA,2019,Quintile 1 (poorest),65.17463684082031,66.15912628173828
Algeria,DZA,2019,Quintile 2,67.76292419433594,66.15912628173828
Algeria,DZA,2019,Quintile 3,63.738250732421875,66.15912628173828
Algeria,DZA,2019,Quintile 4,66.3763427734375,66.15912628173828
Algeria,DZA,2019,Quintile 5 (richest),67.83307647705078,66.15912628173828
Angola,AGO,2015,Quintile 1 (poorest),22.483388900756836,45.52533721923828
Angola,AGO,2015,Quintile 2,32.193115234375,45.52533721923828
Angola,AGO,2015,Quintile 3,46.765785217285156,45.52533721923828
Angola,AGO,2015,Quintile 4,60.83815002441406,45.52533721923828
Angola,AGO,2015,Quintile 5 (richest),71.1050033569336,45.52533721923828
Bangladesh,BGD,1994,Quintile 1 (poorest),40.13180923461914,43.821048736572266
Bangladesh,BGD,1994,Quintile 2,39.682804107666016,43.821048736572266
Bangladesh,BGD,1994,Quintile 3,42.325592041015625,43.821048736572266
Bangladesh,BGD,1994,Quintile 4,44.084625244140625,43.821048736572266
Bangladesh,BGD,1994,Quintile 5 (richest),56.43753433227539,43.821048736572266
Bangladesh,BGD,1997,Quintile 1 (poorest),41.421451568603516,46.197235107421875
Bangladesh,BGD,1997,Quintile 2,41.04751968383789,46.197235107421875
Bangladesh,BGD,1997,Quintile 3,45.973670959472656,46.197235107421875
Bangladesh,BGD,1997,Quintile 4,47.95152282714844,46.197235107421875
Bangladesh,BGD,1997,Quintile 5 (richest),59.29411697387695,46.197235107421875
Bangladesh,BGD,2000,Quintile 1 (poorest),40.380104064941406,48.602474212646484
Bangladesh,BGD,2000,Quintile 2,46.08072280883789,48.602474212646484
Bangladesh,BGD,2000,Quintile 3,46.4024772644043,48.602474212646484
Bangladesh,BGD,2000,Quintile 4,51.06192398071289,48.602474212646484
Bangladesh,BGD,2000,Quintile 5 (richest),65.453338623046875,48.602474212646484
Bangladesh,BGD,2004,Quintile 1 (poorest),43.69611358642578,52.2602424621582
Bangladesh,BGD,2004,Quintile 2,48.77226638793945,52.2602424621582
Bangladesh,BGD,2004,Quintile 3,51.4716682434082,52.2602424621582
Bangladesh,BGD,2004,Quintile 4,57.00029754638672,52.2602424621582
Bangladesh,BGD,2004,Quintile 5 (richest),67.12042999267578,52.2602424621582
Bangladesh,BGD,2006,Quintile 1 (poorest),,
Bangladesh,BGD,2006,Quintile 2,,
Bangladesh,BGD,2006,Quintile 3,,
Bangladesh,BGD,2006,Quintile 4,,
Bangladesh,BGD,2006,Quintile 5 (richest),,
Bangladesh,BGD,2007,Quintile 1 (poorest),52.47233581542969,58.23728942871094
Bangladesh,BGD,2007,Quintile 2,53.633541107177734,58.23728942871094
Bangladesh,BGD,2007,Quintile 3,55.944339752197266,58.23728942871094
Bangladesh,BGD,2007,Quintile 4,61.76093292236328,58.23728942871094
Bangladesh,BGD,2007,Quintile 5 (richest),72.32315826416016,58.23728942871094
Bangladesh,BGD,2011,Quintile 1 (poorest),55.77027893066406,61.95771026611328
Bangladesh,BGD,2011,Quintile 2,58.98748779296875,61.95771026611328
Bangladesh,BGD,2011,Quintile 3,59.47593307495117,61.95771026611328
Bangladesh,BGD,2011,Quintile 4,64.49839782714844,61.95771026611328
Bangladesh,BGD,2011,Quintile 5 (richest),73.95870208740234,61.95771026611328
Bangladesh,BGD,2013,Quintile 1 (poorest),,
Bangladesh,BGD,2013,Quintile 2,,
Bangladesh,BGD,2013,Quintile 3,,
Bangladesh,BGD,2013,Quintile 4,,
Bangladesh,BGD,2013,Quintile 5 (richest),,
Bangladesh,BGD,2014,Quintile 1 (poorest),56.826942443847656,65.081390380859375
Bangladesh,BGD,2014,Quintile 2,62.9864616394043,65.081390380859375
Bangladesh,BGD,2014,Quintile 3,64.02284240722656,65.081390380859375
Bangladesh,BGD,2014,Quintile 4,67.927337646484375,65.081390380859375
Bangladesh,BGD,2014,Quintile 5 (richest),75.87726593017578,65.081390380859375
Bangladesh,BGD,2017,Quintile 1 (poorest),63.5697021484375,69.20804595947266
Bangladesh,BGD,2017,Quintile 2,65.16907501220703,69.20804595947266
Bangladesh,BGD,2017,Quintile 3,69.95447540283203,69.20804595947266
Bangladesh,BGD,2017,Quintile 4,70.19879150390625,69.20804595947266
Bangladesh,BGD,2017,Quintile 5 (richest),78.67936706542969,69.20804595947266
Bangladesh,BGD,2019,Quintile 1 (poorest),,
Bangladesh,BGD,2019,Quintile 2,,
Bangladesh,BGD,2019,Quintile 3,,
Bangladesh,BGD,2019,Quintile 4,,
Bangladesh,BGD,2019,Quintile 5 (richest),,
Benin,BEN,1996,Quintile 1 (poorest),28.660306930541992,41.68353271484375
Benin,BEN,1996,Quintile 2,35.1795539855957,41.68353271484375
Benin,BEN,1996,Quintile 3,43.27552795410156,41.68353271484375
Benin,BEN,1996,Quintile 4,48.199012756347656,41.68353271484375
Benin,BEN,1996,Quintile 5 (richest),62.35124969482422,41.68353271484375
Benin,BEN,2001,Quintile 1 (poorest),36.606998443603516,46.90418243408203
Benin,BEN,2001,Quintile 2,39.682891845703125,46.90418243408203
Benin,BEN,2001,Quintile 3,47.815834045410156,46.90418243408203
Benin,BEN,2001,Quintile 4,52.801055908203125,46.90418243408203
Benin,BEN,2001,Quintile 5 (richest),60.895442962646484,46.90418243408203
Benin,BEN,2006,Quintile 1 (poorest),33.17829513549805,45.755123138427734
Benin,BEN,2006,Quintile 2,40.39365005493164,45.755123138427734
Benin,BEN,2006,Quintile 3,46.403324127197266,45.755123138427734
Benin,BEN,2006,Quintile 4,50.68745422363281,45.755123138427734
Benin,BEN,2006,Quintile 5 (richest),60.48091125488281,45.755123138427734
Benin,BEN,2012,Quintile 1 (poorest),38.613807678222656,51.275169372558594
Benin,BEN,2012,Quintile 2,47.087642669677734,51.275169372558594
Benin,BEN,2012,Quintile 3,53.63078308105469,51.275169372558594
Benin,BEN,2012,Quintile 4,55.89161682128906,51.275169372558594
Benin,BEN,2012,Quintile 5 (richest),60.87584686279297,51.275169372558594
Benin,BEN,2014,Quintile 1 (poorest),36.15946960449219,47.95734786987305
Benin,BEN,2014,Quintile 2,44.03553771972656,47.95734786987305
Benin,BEN,2014,Quintile 3,48.95896530151367,47.95734786987305
Benin,BEN,2014,Quintile 4,51.959144592285156,47.95734786987305
Benin,BEN,2014,Quintile 5 (richest),58.89323425292969,47.95734786987305
Benin,BEN,2017,Quintile 1 (poorest),37.804134368896484,49.15053939819336
Benin,BEN,2017,Quintile 2,45.75771713256836,49.15053939819336
Benin,BEN,2017,Quintile 3,49.15465545654297,49.15053939819336
Benin,BEN,2017,Quintile 4,53.99269485473633,49.15053939819336
Benin,BEN,2017,Quintile 5 (richest),61.7469482421875,49.15053939819336
Bhutan,BTN,2010,Quintile 1 (poorest),,
Bhutan,BTN,2010,Quintile 2,,
Bhutan,BTN,2010,Quintile 3,,
Bhutan,BTN,2010,Quintile 4,,
Bhutan,BTN,2010,Quintile 5 (richest),,
Bolivia,BOL,1994,Quintile 1 (poorest),19.299245834350586,38.70891189575195
Bolivia,BOL,1994,Quintile 2,29.545631408691406,38.70891189575195
Bolivia,BOL,1994,Quintile 3,37.79428482055664,38.70891189575195
Bolivia,BOL,1994,Quintile 4,49.91823959350586,38.70891189575195
Bolivia,BOL,1994,Quintile 5 (richest),69.6980209350586,38.70891189575195
Bolivia,BOL,1998,Quintile 1 (poorest),27.326765060424805,46.01483154296875
Bolivia,BOL,1998,Quintile 2,38.60887145996094,46.01483154296875
Bolivia,BOL,1998,Quintile 3,46.04728698730469,46.01483154296875
Bolivia,BOL,1998,Quintile 4,59.81385803222656,46.01483154296875
Bolivia,BOL,1998,Quintile 5 (richest),70.73271179199219,46.01483154296875
Bolivia,BOL,2003,Quintile 1 (poorest),39.98002624511719,53.984642028808594
Bolivia,BOL,2003,Quintile 2,49.417903900146484,53.984642028808594
Bolivia,BOL,2003,Quintile 3,53.29156494140625,53.984642028808594
Bolivia,BOL,2003,Quintile 4,63.20722198486328,53.984642028808594
Bolivia,BOL,2003,Quintile 5 (richest),71.5235366821289,53.984642028808594
Bolivia,BOL,2008,Quintile 1 (poorest),49.22160339355469,61.42509460449219
Bolivia,BOL,2008,Quintile 2,57.866031646728516,61.42509460449219
Bolivia,BOL,2008,Quintile 3,63.78731155395508,61.42509460449219
Bolivia,BOL,2008,Quintile 4,68.52620697021484,61.42509460449219
Bolivia,BOL,2008,Quintile 5 (richest),73.48751068115234,61.42509460449219
Bolivia,BOL,2016,Quintile 1 (poorest),,
Bolivia,BOL,2016,Quintile 2,,
Bolivia,BOL,2016,Quintile 3,,
Bolivia,BOL,2016,Quintile 4,,
Bolivia,BOL,2016,Quintile 5 (richest),,
Burkina Faso,BFA,1999,Quintile 1 (poorest),17.830902099609375,27.223323822021484
Burkina Faso,BFA,1999,Quintile 2,22.69118881225586,27.223323822021484
Burkina Faso,BFA,1999,Quintile 3,21.284250259399414,27.223323822021484
Burkina Faso,BFA,1999,Quintile 4,27.697917938232422,27.223323822021484
Burkina Faso,BFA,1999,Quintile 5 (richest),49.999515533447266,27.223323822021484
Burkina Faso,BFA,2003,Quintile 1 (poorest),22.64288330078125,34.43471908569336
Burkina Faso,BFA,2003,Quintile 2,26.829153060913086,34.43471908569336
Burkina Faso,BFA,2003,Quintile 3,32.229881286621094,34.43471908569336
Burkina Faso,BFA,2003,Quintile 4,34.911712646484375,34.43471908569336
Burkina Faso,BFA,2003,Quintile 5 (richest),58.930057525634766,34.43471908569336
Burkina Faso,BFA,2006,Quintile 1 (poorest),,
Burkina Faso,BFA,2006,Quintile 2,,
Burkina Faso,BFA,2006,Quintile 3,,
Burkina Faso,BFA,2006,Quintile 4,,
Burkina Faso,BFA,2006,Quintile 5 (richest),,
Burkina Faso,BFA,2010,Quintile 1 (poorest),41.93027877807617,54.6064567565918
Burkina Faso,BFA,2010,Quintile 2,47.24282455444336,54.6064567565918
Burkina Faso,BFA,2010,Quintile 3,53.55780029296875,54.6064567565918
Burkina Faso,BFA,2010,Quintile 4,58.470428466796875,54.6064567565918
Burkina Faso,BFA,2010,Quintile 5 (richest),68.3090591430664,54.6064567565918
Burundi,BDI,2005,Quintile 1 (poorest),,
Burundi,BDI,2005,Quintile 2,,
Burundi,BDI,2005,Quintile 3,,
Burundi,BDI,2005,Quintile 4,,
Burundi,BDI,2005,Quintile 5 (richest),,
Burundi,BDI,2010,Quintile 1 (poorest),53.06596755981445,56.079620361328125
Burundi,BDI,2010,Quintile 2,53.17088317871094,56.079620361328125
Burundi,BDI,2010,Quintile 3,57.40754699707031,56.079620361328125
Burundi,BDI,2010,Quintile 4,55.36341094970703,56.079620361328125
Burundi,BDI,2010,Quintile 5 (richest),61.97616958618164,56.079620361328125
Burundi,BDI,2016,Quintile 1 (poorest),60.886390686035156,62.600128173828125
Burundi,BDI,2016,Quintile 2,62.229068756103516,62.600128173828125
Burundi,BDI,2016,Quintile 3,62.45819854736328,62.600128173828125
Burundi,BDI,2016,Quintile 4,62.230255126953125,62.600128173828125
Burundi,BDI,2016,Quintile 5 (richest),66.04187774658203,62.600128173828125
Cabo Verde,CPV,1998,Quintile 1 (poorest),,
Cabo Verde,CPV,1998,Quintile 2,,
Cabo Verde,CPV,1998,Quintile 3,,
Cabo Verde,CPV,1998,Quintile 4,,
Cabo Verde,CPV,1998,Quintile 5 (richest),,
Cambodia,KHM,2000,Quintile 1 (poorest),24.768783569335938,34.687870025634766
Cambodia,KHM,2000,Quintile 2,28.717052459716797,34.687870025634766
Cambodia,KHM,2000,Quintile 3,34.12434005737305,34.687870025634766
Cambodia,KHM,2000,Quintile 4,39.3498649597168,34.687870025634766
Cambodia,KHM,2000,Quintile 5 (richest),56.622802734375,34.687870025634766
Cambodia,KHM,2005,Quintile 1 (poorest),39.037452697753906,48.76374435424805
Cambodia,KHM,2005,Quintile 2,44.35648727416992,48.76374435424805
Cambodia,KHM,2005,Quintile 3,49.989349365234375,48.76374435424805
Cambodia,KHM,2005,Quintile 4,56.52791976928711,48.76374435424805
Cambodia,KHM,2005,Quintile 5 (richest),63.942623138427734,48.76374435424805
Cambodia,KHM,2010,Quintile 1 (poorest),56.68674850463867,63.9463005065918
Cambodia,KHM,2010,Quintile 2,62.544864654541016,63.9463005065918
Cambodia,KHM,2010,Quintile 3,68.01997375488281,63.9463005065918
Cambodia,KHM,2010,Quintile 4,66.67525482177734,63.9463005065918
Cambodia,KHM,2010,Quintile 5 (richest),69.7856216430664,63.9463005065918
Cambodia,KHM,2014,Quintile 1 (poorest),64.05278778076172,69.35106658935547
Cambodia,KHM,2014,Quintile 2,68.17252349853516,69.35106658935547
Cambodia,KHM,2014,Quintile 3,72.1248779296875,69.35106658935547
Cambodia,KHM,2014,Quintile 4,72.99940490722656,69.35106658935547
Cambodia,KHM,2014,Quintile 5 (richest),71.14424133300781,69.35106658935547
Cameroon,CMR,1998,Quintile 1 (poorest),24.579965591430664,39.74161148071289
Cameroon,CMR,1998,Quintile 2,28.037851333618164,39.74161148071289
Cameroon,CMR,1998,Quintile 3,41.698184967041016,39.74161148071289
Cameroon,CMR,1998,Quintile 4,51.69921112060547,39.74161148071289
Cameroon,CMR,1998,Quintile 5 (richest),58.02933120727539,39.74161148071289
Cameroon,CMR,2004,Quintile 1 (poorest),30.556440353393555,46.81260681152344
Cameroon,CMR,2004,Quintile 2,36.39192199707031,46.81260681152344
Cameroon,CMR,2004,Quintile 3,49.122352600097656,46.81260681152344
Cameroon,CMR,2004,Quintile 4,56.67335891723633,46.81260681152344
Cameroon,CMR,2004,Quintile 5 (richest),65.25618743896484,46.81260681152344
Cameroon,CMR,2006,Quintile 1 (poorest),,
Cameroon,CMR,2006,Quintile 2,,
Cameroon,CMR,2006,Quintile 3,,
Cameroon,CMR,2006,Quintile 4,,
Cameroon,CMR,2006,Quintile 5 (richest),,
Cameroon,CMR,2011,Quintile 1 (poorest),23.488290786743164,47.62504577636719
Cameroon,CMR,2011,Quintile 2,42.876338958740234,47.62504577636719
Cameroon,CMR,2011,Quintile 3,52.09385299682617,47.62504577636719
Cameroon,CMR,2011,Quintile 4,58.03536605834961,47.62504577636719
Cameroon,CMR,2011,Quintile 5 (richest),65.53809356689453,47.62504577636719
Cameroon,CMR,2014,Quintile 1 (poorest),29.963302612304688,50.7720832824707
Cameroon,CMR,2014,Quintile 2,43.72248458862305,50.7720832824707
Cameroon,CMR,2014,Quintile 3,55.240325927734375,50.7720832824707
Cameroon,CMR,2014,Quintile 4,62.31421661376953,50.7720832824707
Cameroon,CMR,2014,Quintile 5 (richest),67.25997161865234,50.7720832824707
Cameroon,CMR,2018,Quintile 1 (poorest),31.446943283081055,49.41027069091797
Cameroon,CMR,2018,Quintile 2,43.6550407409668,49.41027069091797
Cameroon,CMR,2018,Quintile 3,50.68532943725586,49.41027069091797
Cameroon,CMR,2018,Quintile 4,58.178306579589844,49.41027069091797
Cameroon,CMR,2018,Quintile 5 (richest),69.12294006347656,49.41027069091797
Central African Republic,CAF,1994,Quintile 1 (poorest),20.270544052124023,35.97057342529297
Central African Republic,CAF,1994,Quintile 2,26.578807830810547,35.97057342529297
Central African Republic,CAF,1994,Quintile 3,34.626766204833984,35.97057342529297
Central African Republic,CAF,1994,Quintile 4,44.01975631713867,35.97057342529297
Central African Republic,CAF,1994,Quintile 5 (richest),53.81045913696289,35.97057342529297
Central African Republic,CAF,2006,Quintile 1 (poorest),,
Central African Republic,CAF,2006,Quintile 2,,
Central African Republic,CAF,2006,Quintile 3,,
Central African Republic,CAF,2006,Quintile 4,,
Central African Republic,CAF,2006,Quintile 5 (richest),,
Central African Republic,CAF,2010,Quintile 1 (poorest),21.04981803894043,35.138248443603516
Central African Republic,CAF,2010,Quintile 2,22.964012145996094,35.138248443603516
Central African Republic,CAF,2010,Quintile 3,30.32962989807129,35.138248443603516
Central African Republic,CAF,2010,Quintile 4,44.13052749633789,35.138248443603516
Central African Republic,CAF,2010,Quintile 5 (richest),58.8592529296875,35.138248443603516
Central African Republic,CAF,2019,Quintile 1 (poorest),21.81136703491211,33.612632751464844
Central African Republic,CAF,2019,Quintile 2,24.287246704101563,33.612632751464844
Central African Republic,CAF,2019,Quintile 3,29.392671585083008,33.612632751464844
Central African Republic,CAF,2019,Quintile 4,40.4405517578125,33.612632751464844
Central African Republic,CAF,2019,Quintile 5 (richest),56.96579360961914,33.612632751464844
Chad,TCD,1997,Quintile 1 (poorest),7.078212738037109,18.59395408630371
Chad,TCD,1997,Quintile 2,12.198311805725098,18.59395408630371
Chad,TCD,1997,Quintile 3,11.905120849609375,18.59395408630371
Chad,TCD,1997,Quintile 4,21.910991668701172,18.59395408630371
Chad,TCD,1997,Quintile 5 (richest),38.47490310668945,18.59395408630371
Chad,TCD,2004,Quintile 1 (poorest),3.8678195476531982,15.917038917541504
Chad,TCD,2004,Quintile 2,10.112286567687988,15.917038917541504
Chad,TCD,2004,Quintile 3,13.470294952392578,15.917038917541504
Chad,TCD,2004,Quintile 4,15.731752395629883,15.917038917541504
Chad,TCD,2004,Quintile 5 (richest),35.3387565612793,15.917038917541504
Chad,TCD,2010,Quintile 1 (poorest),9.757628440856934,19.500837326049805
Chad,TCD,2010,Quintile 2,12.341960906982422,19.500837326049805
Chad,TCD,2010,Quintile 3,15.091536521911621,19.500837326049805
Chad,TCD,2010,Quintile 4,21.738401412963867,19.500837326049805
Chad,TCD,2010,Quintile 5 (richest),38.24542999267578,19.500837326049805
Chad,TCD,2014,Quintile 1 (poorest),20.869632720947266,27.961244583129883
Chad,TCD,2014,Quintile 2,24.793323516845703,27.961244583129883
Chad,TCD,2014,Quintile 3,25.051849365234375,27.961244583129883
Chad,TCD,2014,Quintile 4,26.19073486328125,27.961244583129883
Chad,TCD,2014,Quintile 5 (richest),45.30351638793945,27.961244583129883
Chad,TCD,2019,Quintile 1 (poorest),,
Chad,TCD,2019,Quintile 2,,
Chad,TCD,2019,Quintile 3,,
Chad,TCD,2019,Quintile 4,,
Chad,TCD,2019,Quintile 5 (richest),,
Comoros,COM,1996,Quintile 1 (poorest),32.315513610839844,45.993919372558594
Comoros,COM,1996,Quintile 2,42.07843017578125,45.993919372558594
Comoros,COM,1996,Quintile 3,46.883853912353516,45.993919372558594
Comoros,COM,1996,Quintile 4,53.142250061035156,45.993919372558594
Comoros,COM,1996,Quintile 5 (richest),63.08432388305664,45.993919372558594
Comoros,COM,2012,Quintile 1 (poorest),41.34247970581055,51.72555923461914
Comoros,COM,2012,Quintile 2,48.376922607421875,51.72555923461914
Comoros,COM,2012,Quintile 3,54.25968933105469,51.72555923461914
Comoros,COM,2012,Quintile 4,60.84486389160156,51.72555923461914
Comoros,COM,2012,Quintile 5 (richest),56.869571685791016,51.72555923461914
"Congo, Dem. Rep.",COD,2007,Quintile 1 (poorest),32.557037353515625,41.68620300292969
"Congo, Dem. Rep.",COD,2007,Quintile 2,36.6949577331543,41.68620300292969
"Congo, Dem. Rep.",COD,2007,Quintile 3,38.832950592041016,41.68620300292969
"Congo, Dem. Rep.",COD,2007,Quintile 4,46.31352996826172,41.68620300292969
"Congo, Dem. Rep.",COD,2007,Quintile 5 (richest),57.14427185058594,41.68620300292969
"Congo, Dem. Rep.",COD,2010,Quintile 1 (poorest),35.290306091308594,43.69158935546875
"Congo, Dem. Rep.",COD,2010,Quintile 2,39.8328857421875,43.69158935546875
"Congo, Dem. Rep.",COD,2010,Quintile 3,40.805580139160156,43.69158935546875
"Congo, Dem. Rep.",COD,2010,Quintile 4,47.97663116455078,43.69158935546875
"Congo, Dem. Rep.",COD,2010,Quintile 5 (richest),56.04275894165039,43.69158935546875
"Congo, Dem. Rep.",COD,2013,Quintile 1 (poorest),37.85765838623047,47.05785369873047
"Congo, Dem. Rep.",COD,2013,Quintile 2,42.32318878173828,47.05785369873047
"Congo, Dem. Rep.",COD,2013,Quintile 3,45.62953567504883,47.05785369873047
"Congo, Dem. Rep.",COD,2013,Quintile 4,52.021034240722656,47.05785369873047
"Congo, Dem. Rep.",COD,2013,Quintile 5 (richest),59.11592102050781,47.05785369873047
"Congo, Dem. Rep.",COD,2017,Quintile 1 (poorest),31.267192840576172,43.010433197021484
"Congo, Dem. Rep.",COD,2017,Quintile 2,37.929500579833984,43.010433197021484
"Congo, Dem. Rep.",COD,2017,Quintile 3,41.4605598449707,43.010433197021484
"Congo, Dem. Rep.",COD,2017,Quintile 4,48.535762786865234,43.010433197021484
"Congo, Dem. Rep.",COD,2017,Quintile 5 (richest),58.705745697021484,43.010433197021484
"Congo, Rep.",COG,2005,Quintile 1 (poorest),39.30949020385742,51.58753204345703
"Congo, Rep.",COG,2005,Quintile 2,47.14965057373047,51.58753204345703
"Congo, Rep.",COG,2005,Quintile 3,53.531742095947266,51.58753204345703
"Congo, Rep.",COG,2005,Quintile 4,59.02232360839844,51.58753204345703
"Congo, Rep.",COG,2005,Quintile 5 (richest),62.945980072021484,51.58753204345703
"Congo, Rep.",COG,2011,Quintile 1 (poorest),45.35584259033203,57.90409851074219
"Congo, Rep.",COG,2011,Quintile 2,54.3179817199707,57.90409851074219
"Congo, Rep.",COG,2011,Quintile 3,58.52861404418945,57.90409851074219
"Congo, Rep.",COG,2011,Quintile 4,64.02458190917969,57.90409851074219
"Congo, Rep.",COG,2011,Quintile 5 (richest),69.8731460571289,57.90409851074219
"Congo, Rep.",COG,2014,Quintile 1 (poorest),40.862953186035156,55.229820251464844
"Congo, Rep.",COG,2014,Quintile 2,52.5685920715332,55.229820251464844
"Congo, Rep.",COG,2014,Quintile 3,61.26542663574219,55.229820251464844
"Congo, Rep.",COG,2014,Quintile 4,63.368370056152344,55.229820251464844
"Congo, Rep.",COG,2014,Quintile 5 (richest),67.24854278564453,55.229820251464844
Côte d’Ivoire,CIV,1994,Quintile 1 (poorest),15.004478454589844,32.01099395751953
Côte d’Ivoire,CIV,1994,Quintile 2,24.634361267089844,32.01099395751953
Côte d’Ivoire,CIV,1994,Quintile 3,29.337995529174805,32.01099395751953
Côte d’Ivoire,CIV,1994,Quintile 4,41.25914764404297,32.01099395751953
Côte d’Ivoire,CIV,1994,Quintile 5 (richest),52.1807975769043,32.01099395751953
Côte d’Ivoire,CIV,1998,Quintile 1 (poorest),23.280426025390625,38.996978759765625
Côte d’Ivoire,CIV,1998,Quintile 2,35.62823486328125,38.996978759765625
Côte d’Ivoire,CIV,1998,Quintile 3,33.40909957885742,38.996978759765625
Côte d’Ivoire,CIV,1998,Quintile 4,48.59407424926758,38.996978759765625
Côte d’Ivoire,CIV,1998,Quintile 5 (richest),63.16057586669922,38.996978759765625
Côte d’Ivoire,CIV,2006,Quintile 1 (poorest),,
Côte d’Ivoire,CIV,2006,Quintile 2,,
Côte d’Ivoire,CIV,2006,Quintile 3,,
Côte d’Ivoire,CIV,2006,Quintile 4,,
Côte d’Ivoire,CIV,2006,Quintile 5 (richest),,
Côte d’Ivoire,CIV,2012,Quintile 1 (poorest),29.41365623474121,43.573429107666016
Côte d’Ivoire,CIV,2012,Quintile 2,38.61279296875,43.573429107666016
Côte d’Ivoire,CIV,2012,Quintile 3,41.66896438598633,43.573429107666016
Côte d’Ivoire,CIV,2012,Quintile 4,53.11727523803711,43.573429107666016
Côte d’Ivoire,CIV,2012,Quintile 5 (richest),59.084617614746094,43.573429107666016
Côte d’Ivoire,CIV,2016,Quintile 1 (poorest),37.04224395751953,47.477664947509766
Côte d’Ivoire,CIV,2016,Quintile 2,40.79549789428711,47.477664947509766
Côte d’Ivoire,CIV,2016,Quintile 3,47.13340377807617,47.477664947509766
Côte d’Ivoire,CIV,2016,Quintile 4,58.17338180541992,47.477664947509766
Côte d’Ivoire,CIV,2016,Quintile 5 (richest),63.45573043823242,47.477664947509766
Djibouti,DJI,2006,Quintile 1 (poorest),,
Djibouti,DJI,2006,Quintile 2,,
Djibouti,DJI,2006,Quintile 3,,
Djibouti,DJI,2006,Quintile 4,,
Djibouti,DJI,2006,Quintile 5 (richest),,
"Egypt, Arab Rep.",EGY,1995,Quintile 1 (poorest),47.24012756347656,61.98412322998047
"Egypt, Arab Rep.",EGY,1995,Quintile 2,54.37916946411133,61.98412322998047
"Egypt, Arab Rep.",EGY,1995,Quintile 3,63.06011199951172,61.98412322998047
"Egypt, Arab Rep.",EGY,1995,Quintile 4,68.75652313232422,61.98412322998047
"Egypt, Arab Rep.",EGY,1995,Quintile 5 (richest),77.8066177368164,61.98412322998047
"Egypt, Arab Rep.",EGY,2000,Quintile 1 (poorest),59.087074279785156,69.43706512451172
"Egypt, Arab Rep.",EGY,2000,Quintile 2,65.06523895263672,69.43706512451172
"Egypt, Arab Rep.",EGY,2000,Quintile 3,69.78270721435547,69.43706512451172
"Egypt, Arab Rep.",EGY,2000,Quintile 4,74.85673522949219,69.43706512451172
"Egypt, Arab Rep.",EGY,2000,Quintile 5 (richest),77.89482116699219,69.43706512451172
"Egypt, Arab Rep.",EGY,2005,Quintile 1 (poorest),65.38329315185547,73.45701599121094
"Egypt, Arab Rep.",EGY,2005,Quintile 2,70.547576904296875,73.45701599121094
"Egypt, Arab Rep.",EGY,2005,Quintile 3,74.0689468383789,73.45701599121094
"Egypt, Arab Rep.",EGY,2005,Quintile 4,77.36162567138672,73.45701599121094
"Egypt, Arab Rep.",EGY,2005,Quintile 5 (richest),80.08724212646484,73.45701599121094
"Egypt, Arab Rep.",EGY,2008,Quintile 1 (poorest),68.87540435791016,76.43904876708984
"Egypt, Arab Rep.",EGY,2008,Quintile 2,73.8658218383789,76.43904876708984
"Egypt, Arab Rep.",EGY,2008,Quintile 3,75.8686752319336,76.43904876708984
"Egypt, Arab Rep.",EGY,2008,Quintile 4,80.1654052734375,76.43904876708984
"Egypt, Arab Rep.",EGY,2008,Quintile 5 (richest),82.9239273071289,76.43904876708984
"Egypt, Arab Rep.",EGY,2014,Quintile 1 (poorest),73.86406707763672,78.43534088134766
"Egypt, Arab Rep.",EGY,2014,Quintile 2,76.0409164428711,78.43534088134766
"Egypt, Arab Rep.",EGY,2014,Quintile 3,80.30664825439453,78.43534088134766
"Egypt, Arab Rep.",EGY,2014,Quintile 4,80.62986755371094,78.43534088134766
"Egypt, Arab Rep.",EGY,2014,Quintile 5 (richest),80.183624267578125,78.43534088134766
El Salvador,SLV,1993,Quintile 1 (poorest),,
El Salvador,SLV,1993,Quintile 2,,
El Salvador,SLV,1993,Quintile 3,,
El Salvador,SLV,1993,Quintile 4,,
El Salvador,SLV,1993,Quintile 5 (richest),,
El Salvador,SLV,1998,Quintile 1 (poorest),,
El Salvador,SLV,1998,Quintile 2,,
El Salvador,SLV,1998,Quintile 3,,
El Salvador,SLV,1998,Quintile 4,,
El Salvador,SLV,1998,Quintile 5 (richest),,
El Salvador,SLV,2002,Quintile 1 (poorest),,
El Salvador,SLV,2002,Quintile 2,,
El Salvador,SLV,2002,Quintile 3,,
El Salvador,SLV,2002,Quintile 4,,
El Salvador,SLV,2002,Quintile 5 (richest),,
El Salvador,SLV,2008,Quintile 1 (poorest),,
El Salvador,SLV,2008,Quintile 2,,
El Salvador,SLV,2008,Quintile 3,,
El Salvador,SLV,2008,Quintile 4,,
El Salvador,SLV,2008,Quintile 5 (richest),,
El Salvador,SLV,2014,Quintile 1 (poorest),83.754913330078125,85.99260711669922
El Salvador,SLV,2014,Quintile 2,86.06416320800781,85.99260711669922
El Salvador,SLV,2014,Quintile 3,86.92140197753906,85.99260711669922
El Salvador,SLV,2014,Quintile 4,85.98664855957031,85.99260711669922
El Salvador,SLV,2014,Quintile 5 (richest),88.07649230957031,85.99260711669922
Eswatini,SWZ,2006,Quintile 1 (poorest),69.13417053222656,77.810943603515625
Eswatini,SWZ,2006,Quintile 2,75.04072570800781,77.810943603515625
Eswatini,SWZ,2006,Quintile 3,79.25257873535156,77.810943603515625
Eswatini,SWZ,2006,Quintile 4,81.3306655883789,77.810943603515625
Eswatini,SWZ,2006,Quintile 5 (richest),82.85734558105469,77.810943603515625
Eswatini,SWZ,2010,Quintile 1 (poorest),71.962738037109375,76.54530334472656
Eswatini,SWZ,2010,Quintile 2,72.54090118408203,76.54530334472656
Eswatini,SWZ,2010,Quintile 3,77.79804229736328,76.54530334472656
Eswatini,SWZ,2010,Quintile 4,77.62933349609375,76.54530334472656
Eswatini,SWZ,2010,Quintile 5 (richest),81.44110870361328,76.54530334472656
Eswatini,SWZ,2014,Quintile 1 (poorest),78.809295654296875,81.89810943603516
Eswatini,SWZ,2014,Quintile 2,81.687255859375,81.89810943603516
Eswatini,SWZ,2014,Quintile 3,82.2837142944336,81.89810943603516
Eswatini,SWZ,2014,Quintile 4,81.66927337646484,81.89810943603516
Eswatini,SWZ,2014,Quintile 5 (richest),84.09776306152344,81.89810943603516
Ethiopia,ETH,2000,Quintile 1 (poorest),9.885480880737305,16.33254623413086
Ethiopia,ETH,2000,Quintile 2,9.905531883239746,16.33254623413086
Ethiopia,ETH,2000,Quintile 3,11.4610595703125,16.33254623413086
Ethiopia,ETH,2000,Quintile 4,14.618255615234375,16.33254623413086
Ethiopia,ETH,2000,Quintile 5 (richest),38.10211181640625,16.33254623413086
Ethiopia,ETH,2005,Quintile 1 (poorest),16.042522430419922,24.645063400268555
Ethiopia,ETH,2005,Quintile 2,17.140384674072266,24.645063400268555
Ethiopia,ETH,2005,Quintile 3,23.39754295349121,24.645063400268555
Ethiopia,ETH,2005,Quintile 4,23.964765548706055,24.645063400268555
Ethiopia,ETH,2005,Quintile 5 (richest),44.86978530883789,24.645063400268555
Ethiopia,ETH,2011,Quintile 1 (poorest),22.28131675720215,35.062713623046875
Ethiopia,ETH,2011,Quintile 2,29.701810836791992,35.062713623046875
Ethiopia,ETH,2011,Quintile 3,30.685317993164063,35.062713623046875
Ethiopia,ETH,2011,Quintile 4,37.085941314697266,35.062713623046875
Ethiopia,ETH,2011,Quintile 5 (richest),61.345970153808594,35.062713623046875
Ethiopia,ETH,2016,Quintile 1 (poorest),31.77834701538086,45.114192962646484
Ethiopia,ETH,2016,Quintile 2,40.019161224365234,45.114192962646484
Ethiopia,ETH,2016,Quintile 3,44.18650436401367,45.114192962646484
Ethiopia,ETH,2016,Quintile 4,49.63631820678711,45.114192962646484
Ethiopia,ETH,2016,Quintile 5 (richest),65.3359146118164,45.114192962646484
Ethiopia,ETH,2019,Quintile 1 (poorest),,
Ethiopia,ETH,2019,Quintile 2,,
Ethiopia,ETH,2019,Quintile 3,,
Ethiopia,ETH,2019,Quintile 4,,
Ethiopia,ETH,2019,Quintile 5 (richest),,
"Gambia, The",GMB,2005,Quintile 1 (poorest),,
"Gambia, The",GMB,2005,Quintile 2,,
"Gambia, The",GMB,2005,Quintile 3,,
"Gambia, The",GMB,2005,Quintile 4,,
"Gambia, The",GMB,2005,Quintile 5 (richest),,
"Gambia, The",GMB,2010,Quintile 1 (poorest),53.620887756347656,59.685768127441406
"Gambia, The",GMB,2010,Quintile 2,58.67979049682617,59.685768127441406
"Gambia, The",GMB,2010,Quintile 3,58.75706100463867,59.685768127441406
"Gambia, The",GMB,2010,Quintile 4,59.683345794677734,59.685768127441406
"Gambia, The",GMB,2010,Quintile 5 (richest),68.14044189453125,59.685768127441406
"Gambia, The",GMB,2013,Quintile 1 (poorest),57.96818161010742,61.52560043334961
"Gambia, The",GMB,2013,Quintile 2,58.191837310791016,61.52560043334961
"Gambia, The",GMB,2013,Quintile 3,59.39683151245117,61.52560043334961
"Gambia, The",GMB,2013,Quintile 4,64.17961120605469,61.52560043334961
"Gambia, The",GMB,2013,Quintile 5 (richest),67.09950256347656,61.52560043334961
"Gambia, The",GMB,2018,Quintile 1 (poorest),61.275611877441406,64.15129852294922
"Gambia, The",GMB,2018,Quintile 2,62.50598907470703,64.15129852294922
"Gambia, The",GMB,2018,Quintile 3,63.3305549621582,64.15129852294922
"Gambia, The",GMB,2018,Quintile 4,67.70097351074219,64.15129852294922
"Gambia, The",GMB,2018,Quintile 5 (richest),66.764862060546875,64.15129852294922
"Gambia, The",GMB,2019,Quintile 1 (poorest),65.84043884277344,67.4421615600586
"Gambia, The",GMB,2019,Quintile 2,67.118316650390625,67.4421615600586
"Gambia, The",GMB,2019,Quintile 3,67.02629089355469,67.4421615600586
"Gambia, The",GMB,2019,Quintile 4,67.963043212890625,67.4421615600586
"Gambia, The",GMB,2019,Quintile 5 (richest),69.62297058105469,67.4421615600586
Ghana,GHA,1993,Quintile 1 (poorest),28.971311569213867,43.270442962646484
Ghana,GHA,1993,Quintile 2,35.465576171875,43.270442962646484
Ghana,GHA,1993,Quintile 3,41.47752380371094,43.270442962646484
Ghana,GHA,1993,Quintile 4,51.91302490234375,43.270442962646484
Ghana,GHA,1993,Quintile 5 (richest),62.396263122558594,43.270442962646484
Ghana,GHA,1998,Quintile 1 (poorest),34.185951232910156,46.2615966796875
Ghana,GHA,1998,Quintile 2,40.19345474243164,46.2615966796875
Ghana,GHA,1998,Quintile 3,47.606407165527344,46.2615966796875
Ghana,GHA,1998,Quintile 4,55.43324279785156,46.2615966796875
Ghana,GHA,1998,Quintile 5 (richest),63.064735412597656,46.2615966796875
Ghana,GHA,2003,Quintile 1 (poorest),39.37750244140625,53.35417938232422
Ghana,GHA,2003,Quintile 2,49.35368728637695,53.35417938232422
Ghana,GHA,2003,Quintile 3,54.40003204345703,53.35417938232422
Ghana,GHA,2003,Quintile 4,61.10682678222656,53.35417938232422
Ghana,GHA,2003,Quintile 5 (richest),71.888336181640625,53.35417938232422
Ghana,GHA,2006,Quintile 1 (poorest),,
Ghana,GHA,2006,Quintile 2,,
Ghana,GHA,2006,Quintile 3,,
Ghana,GHA,2006,Quintile 4,,
Ghana,GHA,2006,Quintile 5 (richest),,
Ghana,GHA,2008,Quintile 1 (poorest),48.21279525756836,58.7890625
Ghana,GHA,2008,Quintile 2,54.7349739074707,58.7890625
Ghana,GHA,2008,Quintile 3,58.30873107910156,58.7890625
Ghana,GHA,2008,Quintile 4,67.68706512451172,58.7890625
Ghana,GHA,2008,Quintile 5 (richest),71.606048583984375,58.7890625
Ghana,GHA,2011,Quintile 1 (poorest),55.01464080810547,62.492488861083984
Ghana,GHA,2011,Quintile 2,59.71321487426758,62.492488861083984
Ghana,GHA,2011,Quintile 3,62.95066452026367,62.492488861083984
Ghana,GHA,2011,Quintile 4,67.20570373535156,62.492488861083984
Ghana,GHA,2011,Quintile 5 (richest),69.282623291015625,62.492488861083984
Ghana,GHA,2014,Quintile 1 (poorest),60.69170379638672,65.25018310546875
Ghana,GHA,2014,Quintile 2,61.14237976074219,65.25018310546875
Ghana,GHA,2014,Quintile 3,68.04080963134766,65.25018310546875
Ghana,GHA,2014,Quintile 4,68.54066467285156,65.25018310546875
Ghana,GHA,2014,Quintile 5 (richest),69.79652404785156,65.25018310546875
Ghana,GHA,2017,Quintile 1 (poorest),60.51951599121094,65.27254486083984
Ghana,GHA,2017,Quintile 2,62.44495391845703,65.27254486083984
Ghana,GHA,2017,Quintile 3,64.8513412475586,65.27254486083984
Ghana,GHA,2017,Quintile 4,69.41886901855469,65.27254486083984
Ghana,GHA,2017,Quintile 5 (richest),72.07340240478516,65.27254486083984
Guinea,GIN,1999,Quintile 1 (poorest),23.695226669311523,37.179141998291016
Guinea,GIN,1999,Quintile 2,24.843212127685547,37.179141998291016
Guinea,GIN,1999,Quintile 3,35.428768157958984,37.179141998291016
Guinea,GIN,1999,Quintile 4,47.82292556762695,37.179141998291016
Guinea,GIN,1999,Quintile 5 (richest),58.56963348388672,37.179141998291016
Guinea,GIN,2005,Quintile 1 (poorest),25.316425323486328,37.96757507324219
Guinea,GIN,2005,Quintile 2,29.710256576538086,37.96757507324219
Guinea,GIN,2005,Quintile 3,37.19367218017578,37.96757507324219
Guinea,GIN,2005,Quintile 4,46.99164581298828,37.96757507324219
Guinea,GIN,2005,Quintile 5 (richest),57.718231201171875,37.96757507324219
Guinea,GIN,2012,Quintile 1 (poorest),25.64101219177246,39.8507194519043
Guinea,GIN,2012,Quintile 2,32.55521774291992,39.8507194519043
Guinea,GIN,2012,Quintile 3,38.84873580932617,39.8507194519043
Guinea,GIN,2012,Quintile 4,46.520362854003906,39.8507194519043
Guinea,GIN,2012,Quintile 5 (richest),61.63233947753906,39.8507194519043
Guinea,GIN,2016,Quintile 1 (poorest),,
Guinea,GIN,2016,Quintile 2,,
Guinea,GIN,2016,Quintile 3,,
Guinea,GIN,2016,Quintile 4,,
Guinea,GIN,2016,Quintile 5 (richest),,
Guinea,GIN,2018,Quintile 1 (poorest),28.876262664794922,44.26775360107422
Guinea,GIN,2018,Quintile 2,37.345802307128906,44.26775360107422
Guinea,GIN,2018,Quintile 3,43.80113220214844,44.26775360107422
Guinea,GIN,2018,Quintile 4,55.138633728027344,44.26775360107422
Guinea,GIN,2018,Quintile 5 (richest),61.58843231201172,44.26775360107422
Guinea-Bissau,GNB,2006,Quintile 1 (poorest),,
Guinea-Bissau,GNB,2006,Quintile 2,,
Guinea-Bissau,GNB,2006,Quintile 3,,
Guinea-Bissau,GNB,2006,Quintile 4,,
Guinea-Bissau,GNB,2006,Quintile 5 (richest),,
Guinea-Bissau,GNB,2014,Quintile 1 (poorest),43.28219223022461,52.099693298339844
Guinea-Bissau,GNB,2014,Quintile 2,46.54103469848633,52.099693298339844
Guinea-Bissau,GNB,2014,Quintile 3,49.32521057128906,52.099693298339844
Guinea-Bissau,GNB,2014,Quintile 4,60.03444290161133,52.099693298339844
Guinea-Bissau,GNB,2014,Quintile 5 (richest),63.419620513916016,52.099693298339844
Guinea-Bissau,GNB,2019,Quintile 1 (poorest),50.7347297668457,56.57255172729492
Guinea-Bissau,GNB,2019,Quintile 2,50.21554183959961,56.57255172729492
Guinea-Bissau,GNB,2019,Quintile 3,58.15324783325195,56.57255172729492
Guinea-Bissau,GNB,2019,Quintile 4,59.240840911865234,56.57255172729492
Guinea-Bissau,GNB,2019,Quintile 5 (richest),67.2249755859375,56.57255172729492
Haiti,HTI,1994,Quintile 1 (poorest),17.87103271484375,31.452301025390625
Haiti,HTI,1994,Quintile 2,22.50520896911621,31.452301025390625
Haiti,HTI,1994,Quintile 3,31.289213180541992,31.452301025390625
Haiti,HTI,1994,Quintile 4,42.423606872558594,31.452301025390625
Haiti,HTI,1994,Quintile 5 (richest),51.51564407348633,31.452301025390625
Haiti,HTI,2000,Quintile 1 (poorest),25.662574768066406,37.405860900878906
Haiti,HTI,2000,Quintile 2,31.478899002075195,37.405860900878906
Haiti,HTI,2000,Quintile 3,38.96695327758789,37.405860900878906
Haiti,HTI,2000,Quintile 4,42.306182861328125,37.405860900878906
Haiti,HTI,2000,Quintile 5 (richest),53.496299743652344,37.405860900878906
Haiti,HTI,2006,Quintile 1 (poorest),29.896133422851563,42.45088195800781
Haiti,HTI,2006,Quintile 2,35.43765640258789,42.45088195800781
Haiti,HTI,2006,Quintile 3,45.37528610229492,42.45088195800781
Haiti,HTI,2006,Quintile 4,48.507728576660156,42.45088195800781
Haiti,HTI,2006,Quintile 5 (richest),58.57258605957031,42.45088195800781
Haiti,HTI,2012,Quintile 1 (poorest),43.317962646484375,52.603370666503906
Haiti,HTI,2012,Quintile 2,46.64396286010742,52.603370666503906
Haiti,HTI,2012,Quintile 3,54.75650405883789,52.603370666503906
Haiti,HTI,2012,Quintile 4,58.43442153930664,52.603370666503906
Haiti,HTI,2012,Quintile 5 (richest),63.99211120605469,52.603370666503906
Haiti,HTI,2016,Quintile 1 (poorest),37.927467346191406,49.80229187011719
Haiti,HTI,2016,Quintile 2,43.83810806274414,49.80229187011719
Haiti,HTI,2016,Quintile 3,51.634281158447266,49.80229187011719
Haiti,HTI,2016,Quintile 4,58.31382751464844,49.80229187011719
Haiti,HTI,2016,Quintile 5 (richest),65.3133544921875,49.80229187011719
Honduras,HND,1991,Quintile 1 (poorest),,
Honduras,HND,1991,Quintile 2,,
Honduras,HND,1991,Quintile 3,,
Honduras,HND,1991,Quintile 4,,
Honduras,HND,1991,Quintile 5 (richest),,
Honduras,HND,1996,Quintile 1 (poorest),,
Honduras,HND,1996,Quintile 2,,
Honduras,HND,1996,Quintile 3,,
Honduras,HND,1996,Quintile 4,,
Honduras,HND,1996,Quintile 5 (richest),,
Honduras,HND,2001,Quintile 1 (poorest),,
Honduras,HND,2001,Quintile 2,,
Honduras,HND,2001,Quintile 3,,
Honduras,HND,2001,Quintile 4,,
Honduras,HND,2001,Quintile 5 (richest),,
Honduras,HND,2005,Quintile 1 (poorest),62.32659149169922,72.7460708618164
Honduras,HND,2005,Quintile 2,69.1121826171875,72.7460708618164
Honduras,HND,2005,Quintile 3,75.677093505859375,72.7460708618164
Honduras,HND,2005,Quintile 4,78.81953430175781,72.7460708618164
Honduras,HND,2005,Quintile 5 (richest),80.8837661743164,72.7460708618164
Honduras,HND,2011,Quintile 1 (poorest),74.10546875,79.72355651855469
Honduras,HND,2011,Quintile 2,78.81262969970703,79.72355651855469
Honduras,HND,2011,Quintile 3,81.3447494506836,79.72355651855469
Honduras,HND,2011,Quintile 4,82.1524887084961,79.72355651855469
Honduras,HND,2011,Quintile 5 (richest),83.5904312133789,79.72355651855469
Honduras,HND,2019,Quintile 1 (poorest),77.31726837158203,81.30333709716797
Honduras,HND,2019,Quintile 2,81.46617126464844,81.30333709716797
Honduras,HND,2019,Quintile 3,82.83499908447266,81.30333709716797
Honduras,HND,2019,Quintile 4,82.50708770751953,81.30333709716797
Honduras,HND,2019,Quintile 5 (richest),84.1050033569336,81.30333709716797
India,IND,1999,Quintile 1 (poorest),34.94251251220703,51.64750289916992
India,IND,1999,Quintile 2,42.04253387451172,51.64750289916992
India,IND,1999,Quintile 3,53.465938568115234,51.64750289916992
India,IND,1999,Quintile 4,62.65234375,51.64750289916992
India,IND,1999,Quintile 5 (richest),73.00823211669922,51.64750289916992
India,IND,2006,Quintile 1 (poorest),38.995689392089844,55.375831604003906
India,IND,2006,Quintile 2,47.239356994628906,55.375831604003906
India,IND,2006,Quintile 3,56.94150924682617,55.375831604003906
India,IND,2006,Quintile 4,66.25406646728516,55.375831604003906
India,IND,2006,Quintile 5 (richest),76.92215728759766,55.375831604003906
India,IND,2015,Quintile 1 (poorest),59.894798278808594,71.43343353271484
India,IND,2015,Quintile 2,68.80238342285156,71.43343353271484
India,IND,2015,Quintile 3,74.417205810546875,71.43343353271484
India,IND,2015,Quintile 4,77.97534942626953,71.43343353271484
India,IND,2015,Quintile 5 (richest),80.979339599609375,71.43343353271484
Indonesia,IDN,1994,Quintile 1 (poorest),,62.53512954711914
Indonesia,IDN,1994,Quintile 2,,62.53512954711914
Indonesia,IDN,1994,Quintile 3,,62.53512954711914
Indonesia,IDN,1994,Quintile 4,,62.53512954711914
Indonesia,IDN,1994,Quintile 5 (richest),,62.53512954711914
Indonesia,IDN,1997,Quintile 1 (poorest),55.52741241455078,68.01399993896484
Indonesia,IDN,1997,Quintile 2,63.849281311035156,68.01399993896484
Indonesia,IDN,1997,Quintile 3,69.39067077636719,68.01399993896484
Indonesia,IDN,1997,Quintile 4,73.76477813720703,68.01399993896484
Indonesia,IDN,1997,Quintile 5 (richest),80.94481658935547,68.01399993896484
Indonesia,IDN,2003,Quintile 1 (poorest),56.32546615600586,67.98851776123047
Indonesia,IDN,2003,Quintile 2,64.9293441772461,67.98851776123047
Indonesia,IDN,2003,Quintile 3,68.522796630859375,67.98851776123047
Indonesia,IDN,2003,Quintile 4,74.79046630859375,67.98851776123047
Indonesia,IDN,2003,Quintile 5 (richest),77.60218048095703,67.98851776123047
Indonesia,IDN,2007,Quintile 1 (poorest),56.902503967285156,70.90860748291016
Indonesia,IDN,2007,Quintile 2,69.21370697021484,70.90860748291016
Indonesia,IDN,2007,Quintile 3,73.79288482666016,70.90860748291016
Indonesia,IDN,2007,Quintile 4,78.20943450927734,70.90860748291016
Indonesia,IDN,2007,Quintile 5 (richest),78.6455307006836,70.90860748291016
Indonesia,IDN,2012,Quintile 1 (poorest),62.9880256652832,75.16536712646484
Indonesia,IDN,2012,Quintile 2,76.34957122802734,75.16536712646484
Indonesia,IDN,2012,Quintile 3,78.587249755859375,75.16536712646484
Indonesia,IDN,2012,Quintile 4,80.73332214355469,75.16536712646484
Indonesia,IDN,2012,Quintile 5 (richest),78.417327880859375,75.16536712646484
Indonesia,IDN,2017,Quintile 1 (poorest),69.47518157958984,76.09159851074219
Indonesia,IDN,2017,Quintile 2,77.6259994506836,76.09159851074219
Indonesia,IDN,2017,Quintile 3,77.87984466552734,76.09159851074219
Indonesia,IDN,2017,Quintile 4,79.528350830078125,76.09159851074219
Indonesia,IDN,2017,Quintile 5 (richest),76.0438003540039,76.09159851074219
Kenya,KEN,1993,Quintile 1 (poorest),42.108524322509766,55.90970993041992
Kenya,KEN,1993,Quintile 2,51.585323333740234,55.90970993041992
Kenya,KEN,1993,Quintile 3,54.123538970947266,55.90970993041992
Kenya,KEN,1993,Quintile 4,63.262962341308594,55.90970993041992
Kenya,KEN,1993,Quintile 5 (richest),68.65092468261719,55.90970993041992
Kenya,KEN,1998,Quintile 1 (poorest),44.517147064208984,57.875484466552734
Kenya,KEN,1998,Quintile 2,52.264732360839844,57.875484466552734
Kenya,KEN,1998,Quintile 3,59.561832427978516,57.875484466552734
Kenya,KEN,1998,Quintile 4,62.823665618896484,57.875484466552734
Kenya,KEN,1998,Quintile 5 (richest),72.89375305175781,57.875484466552734
Kenya,KEN,2003,Quintile 1 (poorest),36.967201232910156,52.393089294433594
Kenya,KEN,2003,Quintile 2,46.27706527709961,52.393089294433594
Kenya,KEN,2003,Quintile 3,53.38703536987305,52.393089294433594
Kenya,KEN,2003,Quintile 4,60.124366760253906,52.393089294433594
Kenya,KEN,2003,Quintile 5 (richest),66.70024108886719,52.393089294433594
Kenya,KEN,2008,Quintile 1 (poorest),46.66111373901367,58.957393646240234
Kenya,KEN,2008,Quintile 2,52.3721809387207,58.957393646240234
Kenya,KEN,2008,Quintile 3,61.05483627319336,58.957393646240234
Kenya,KEN,2008,Quintile 4,64.09374237060547,58.957393646240234
Kenya,KEN,2008,Quintile 5 (richest),69.56532287597656,58.957393646240234
Kenya,KEN,2014,Quintile 1 (poorest),56.41539764404297,70.35102081298828
Kenya,KEN,2014,Quintile 2,67.2351303100586,70.35102081298828
Kenya,KEN,2014,Quintile 3,71.40553283691406,70.35102081298828
Kenya,KEN,2014,Quintile 4,76.16105651855469,70.35102081298828
Kenya,KEN,2014,Quintile 5 (richest),79.99754333496094,70.35102081298828
Kiribati,KIR,2019,Quintile 1 (poorest),63.21421813964844,64.680633544921875
Kiribati,KIR,2019,Quintile 2,63.61003494262695,64.680633544921875
Kiribati,KIR,2019,Quintile 3,66.7900390625,64.680633544921875
Kiribati,KIR,2019,Quintile 4,60.88459014892578,64.680633544921875
Kiribati,KIR,2019,Quintile 5 (richest),68.9306640625,64.680633544921875
Kyrgyz Republic,KGZ,1997,Quintile 1 (poorest),69.31037902832031,72.36553192138672
Kyrgyz Republic,KGZ,1997,Quintile 2,73.495819091796875,72.36553192138672
Kyrgyz Republic,KGZ,1997,Quintile 3,73.6465072631836,72.36553192138672
Kyrgyz Republic,KGZ,1997,Quintile 4,70.91980743408203,72.36553192138672
Kyrgyz Republic,KGZ,1997,Quintile 5 (richest),80.015167236328125,72.36553192138672
Kyrgyz Republic,KGZ,2005,Quintile 1 (poorest),,
Kyrgyz Republic,KGZ,2005,Quintile 2,,
Kyrgyz Republic,KGZ,2005,Quintile 3,,
Kyrgyz Republic,KGZ,2005,Quintile 4,,
Kyrgyz Republic,KGZ,2005,Quintile 5 (richest),,
Kyrgyz Republic,KGZ,2012,Quintile 1 (poorest),71.7234878540039,69.96703338623047
Kyrgyz Republic,KGZ,2012,Quintile 2,70.92570495605469,69.96703338623047
Kyrgyz Republic,KGZ,2012,Quintile 3,68.11006927490234,69.96703338623047
Kyrgyz Republic,KGZ,2012,Quintile 4,66.32002258300781,69.96703338623047
Kyrgyz Republic,KGZ,2012,Quintile 5 (richest),75.67044830322266,69.96703338623047
Kyrgyz Republic,KGZ,2014,Quintile 1 (poorest),74.71800231933594,75.60624694824219
Kyrgyz Republic,KGZ,2014,Quintile 2,74.24829864501953,75.60624694824219
Kyrgyz Republic,KGZ,2014,Quintile 3,75.01002502441406,75.60624694824219
Kyrgyz Republic,KGZ,2014,Quintile 4,75.95557403564453,75.60624694824219
Kyrgyz Republic,KGZ,2014,Quintile 5 (richest),81.74214935302734,75.60624694824219
Kyrgyz Republic,KGZ,2018,Quintile 1 (poorest),74.1402587890625,75.25794219970703
Kyrgyz Republic,KGZ,2018,Quintile 2,74.304901123046875,75.25794219970703
Kyrgyz Republic,KGZ,2018,Quintile 3,74.20368194580078,75.25794219970703
Kyrgyz Republic,KGZ,2018,Quintile 4,73.695281982421875,75.25794219970703
Kyrgyz Republic,KGZ,2018,Quintile 5 (richest),78.50569152832031,75.25794219970703
Lao PDR,LAO,2006,Quintile 1 (poorest),,
Lao PDR,LAO,2006,Quintile 2,,
Lao PDR,LAO,2006,Quintile 3,,
Lao PDR,LAO,2006,Quintile 4,,
Lao PDR,LAO,2006,Quintile 5 (richest),,
Lao PDR,LAO,2012,Quintile 1 (poorest),38.50636672973633,54.78666305541992
Lao PDR,LAO,2012,Quintile 2,46.904476165771484,54.78666305541992
Lao PDR,LAO,2012,Quintile 3,60.52093505859375,54.78666305541992
Lao PDR,LAO,2012,Quintile 4,67.9708251953125,54.78666305541992
Lao PDR,LAO,2012,Quintile 5 (richest),78.37401580810547,54.78666305541992
Lao PDR,LAO,2017,Quintile 1 (poorest),47.726173400878906,62.59015655517578
Lao PDR,LAO,2017,Quintile 2,57.78053283691406,62.59015655517578
Lao PDR,LAO,2017,Quintile 3,65.167510986328125,62.59015655517578
Lao PDR,LAO,2017,Quintile 4,75.61369323730469,62.59015655517578
Lao PDR,LAO,2017,Quintile 5 (richest),75.50544738769531,62.59015655517578
Lesotho,LSO,2004,Quintile 1 (poorest),49.64846420288086,62.74390411376953
Lesotho,LSO,2004,Quintile 2,54.90408706665039,62.74390411376953
Lesotho,LSO,2004,Quintile 3,64.40504455566406,62.74390411376953
Lesotho,LSO,2004,Quintile 4,69.04199981689453,62.74390411376953
Lesotho,LSO,2004,Quintile 5 (richest),74.93152618408203,62.74390411376953
Lesotho,LSO,2009,Quintile 1 (poorest),55.03145980834961,68.57324981689453
Lesotho,LSO,2009,Quintile 2,63.63936233520508,68.57324981689453
Lesotho,LSO,2009,Quintile 3,68.28733825683594,68.57324981689453
Lesotho,LSO,2009,Quintile 4,74.71998596191406,68.57324981689453
Lesotho,LSO,2009,Quintile 5 (richest),78.66138458251953,68.57324981689453
Lesotho,LSO,2014,Quintile 1 (poorest),70.500335693359375,75.34449768066406
Lesotho,LSO,2014,Quintile 2,71.9537353515625,75.34449768066406
Lesotho,LSO,2014,Quintile 3,77.45411682128906,75.34449768066406
Lesotho,LSO,2014,Quintile 4,76.05167388916016,75.34449768066406
Lesotho,LSO,2014,Quintile 5 (richest),79.7667007446289,75.34449768066406
Lesotho,LSO,2018,Quintile 1 (poorest),72.0543212890625,73.98726654052734
Lesotho,LSO,2018,Quintile 2,72.15473937988281,73.98726654052734
Lesotho,LSO,2018,Quintile 3,75.09965515136719,73.98726654052734
Lesotho,LSO,2018,Quintile 4,75.40872955322266,73.98726654052734
Lesotho,LSO,2018,Quintile 5 (richest),73.40514373779297,73.98726654052734
Liberia,LBR,2007,Quintile 1 (poorest),36.122230529785156,49.44733428955078
Liberia,LBR,2007,Quintile 2,38.43838882446289,49.44733428955078
Liberia,LBR,2007,Quintile 3,52.93025207519531,49.44733428955078
Liberia,LBR,2007,Quintile 4,59.092529296875,49.44733428955078
Liberia,LBR,2007,Quintile 5 (richest),67.48936462402344,49.44733428955078
Liberia,LBR,2013,Quintile 1 (poorest),50.623939514160156,60.278175354003906
Liberia,LBR,2013,Quintile 2,59.35862731933594,60.278175354003906
Liberia,LBR,2013,Quintile 3,63.904754638671875,60.278175354003906
Liberia,LBR,2013,Quintile 4,65.02674865722656,60.278175354003906
Liberia,LBR,2013,Quintile 5 (richest),64.57831573486328,60.278175354003906
Liberia,LBR,2019,Quintile 1 (poorest),60.975379943847656,64.8525390625
Liberia,LBR,2019,Quintile 2,66.82378387451172,64.8525390625
Liberia,LBR,2019,Quintile 3,64.1921157836914,64.8525390625
Liberia,LBR,2019,Quintile 4,65.977508544921875,64.8525390625
Liberia,LBR,2019,Quintile 5 (richest),67.9061279296875,64.8525390625
Madagascar,MDG,1997,Quintile 1 (poorest),24.45464324951172,36.80547332763672
Madagascar,MDG,1997,Quintile 2,28.522846221923828,36.80547332763672
Madagascar,MDG,1997,Quintile 3,31.81685447692871,36.80547332763672
Madagascar,MDG,1997,Quintile 4,44.83190155029297,36.80547332763672
Madagascar,MDG,1997,Quintile 5 (richest),62.38764953613281,36.80547332763672
Madagascar,MDG,2004,Quintile 1 (poorest),28.743410110473633,42.00125503540039
Madagascar,MDG,2004,Quintile 2,34.55795669555664,42.00125503540039
Madagascar,MDG,2004,Quintile 3,38.39598846435547,42.00125503540039
Madagascar,MDG,2004,Quintile 4,53.08349609375,42.00125503540039
Madagascar,MDG,2004,Quintile 5 (richest),63.038028717041016,42.00125503540039
Madagascar,MDG,2008,Quintile 1 (poorest),36.406890869140625,49.33411407470703
Madagascar,MDG,2008,Quintile 2,42.97334671020508,49.33411407470703
Madagascar,MDG,2008,Quintile 3,49.910743713378906,49.33411407470703
Madagascar,MDG,2008,Quintile 4,57.831932067871094,49.33411407470703
Madagascar,MDG,2008,Quintile 5 (richest),67.91899871826172,49.33411407470703
Madagascar,MDG,2018,Quintile 1 (poorest),36.42863464355469,50.95087432861328
Madagascar,MDG,2018,Quintile 2,46.22654724121094,50.95087432861328
Madagascar,MDG,2018,Quintile 3,53.22529220581055,50.95087432861328
Madagascar,MDG,2018,Quintile 4,60.366302490234375,50.95087432861328
Madagascar,MDG,2018,Quintile 5 (richest),70.57078552246094,50.95087432861328
Malawi,MWI,2000,Quintile 1 (poorest),49.03752517700195,55.93341064453125
Malawi,MWI,2000,Quintile 2,52.92555618286133,55.93341064453125
Malawi,MWI,2000,Quintile 3,53.06794738769531,55.93341064453125
Malawi,MWI,2000,Quintile 4,58.69635772705078,55.93341064453125
Malawi,MWI,2000,Quintile 5 (richest),69.27178192138672,55.93341064453125
Malawi,MWI,2004,Quintile 1 (poorest),50.75777816772461,58.516151428222656
Malawi,MWI,2004,Quintile 2,54.80274963378906,58.516151428222656
Malawi,MWI,2004,Quintile 3,56.45829391479492,58.516151428222656
Malawi,MWI,2004,Quintile 4,62.364131927490234,58.516151428222656
Malawi,MWI,2004,Quintile 5 (richest),70.67585754394531,58.516151428222656
Malawi,MWI,2006,Quintile 1 (poorest),,
Malawi,MWI,2006,Quintile 2,,
Malawi,MWI,2006,Quintile 3,,
Malawi,MWI,2006,Quintile 4,,
Malawi,MWI,2006,Quintile 5 (richest),,
Malawi,MWI,2010,Quintile 1 (poorest),64.93730926513672,70.23133087158203
Malawi,MWI,2010,Quintile 2,68.49649810791016,70.23133087158203
Malawi,MWI,2010,Quintile 3,70.085784912109375,70.23133087158203
Malawi,MWI,2010,Quintile 4,72.31438446044922,70.23133087158203
Malawi,MWI,2010,Quintile 5 (richest),75.95458221435547,70.23133087158203
Malawi,MWI,2014,Quintile 1 (poorest),70.98546600341797,74.7861099243164
Malawi,MWI,2014,Quintile 2,74.5014877319336,74.7861099243164
Malawi,MWI,2014,Quintile 3,75.43974304199219,74.7861099243164
Malawi,MWI,2014,Quintile 4,75.59821319580078,74.7861099243164
Malawi,MWI,2014,Quintile 5 (richest),78.98389434814453,74.7861099243164
Malawi,MWI,2015,Quintile 1 (poorest),75.075439453125,76.97966766357422
Malawi,MWI,2015,Quintile 2,76.35979461669922,76.97966766357422
Malawi,MWI,2015,Quintile 3,76.7016372680664,76.97966766357422
Malawi,MWI,2015,Quintile 4,78.57953643798828,76.97966766357422
Malawi,MWI,2015,Quintile 5 (richest),78.648590087890625,76.97966766357422
Malawi,MWI,2020,Quintile 1 (poorest),73.48836517333984,76.15901947021484
Malawi,MWI,2020,Quintile 2,77.21894073486328,76.15901947021484
Malawi,MWI,2020,Quintile 3,76.42620849609375,76.15901947021484
Malawi,MWI,2020,Quintile 4,76.922821044921875,76.15901947021484
Malawi,MWI,2020,Quintile 5 (richest),78.05962371826172,76.15901947021484
Mali,MLI,1996,Quintile 1 (poorest),13.804978370666504,29.28858757019043
Mali,MLI,1996,Quintile 2,20.560941696166992,29.28858757019043
Mali,MLI,1996,Quintile 3,24.8248348236084,29.28858757019043
Mali,MLI,1996,Quintile 4,32.808895111083984,29.28858757019043
Mali,MLI,1996,Quintile 5 (richest),55.25141525268555,29.28858757019043
Mali,MLI,2001,Quintile 1 (poorest),18.537986755371094,29.330217361450195
Mali,MLI,2001,Quintile 2,19.582923889160156,29.330217361450195
Mali,MLI,2001,Quintile 3,20.25660514831543,29.330217361450195
Mali,MLI,2001,Quintile 4,32.82743453979492,29.330217361450195
Mali,MLI,2001,Quintile 5 (richest),57.5031623840332,29.330217361450195
Mali,MLI,2006,Quintile 1 (poorest),31.129634857177734,38.927650451660156
Mali,MLI,2006,Quintile 2,32.52685546875,38.927650451660156
Mali,MLI,2006,Quintile 3,33.559993743896484,38.927650451660156
Mali,MLI,2006,Quintile 4,40.77610778808594,38.927650451660156
Mali,MLI,2006,Quintile 5 (richest),56.02737045288086,38.927650451660156
Mali,MLI,2009,Quintile 1 (poorest),26.502376556396484,40.01416015625
Mali,MLI,2009,Quintile 2,32.97063064575195,40.01416015625
Mali,MLI,2009,Quintile 3,34.76389694213867,40.01416015625
Mali,MLI,2009,Quintile 4,47.04599380493164,40.01416015625
Mali,MLI,2009,Quintile 5 (richest),60.59004592895508,40.01416015625
Mali,MLI,2012,Quintile 1 (poorest),30.025959014892578,45.16239547729492
Mali,MLI,2012,Quintile 2,37.410057067871094,45.16239547729492
Mali,MLI,2012,Quintile 3,39.052696228027344,45.16239547729492
Mali,MLI,2012,Quintile 4,54.28672409057617,45.16239547729492
Mali,MLI,2012,Quintile 5 (richest),64.23973846435547,45.16239547729492
Mali,MLI,2015,Quintile 1 (poorest),22.737876892089844,39.29099655151367
Mali,MLI,2015,Quintile 2,32.781494140625,39.29099655151367
Mali,MLI,2015,Quintile 3,36.41598892211914,39.29099655151367
Mali,MLI,2015,Quintile 4,44.17864227294922,39.29099655151367
Mali,MLI,2015,Quintile 5 (richest),59.28074645996094,39.29099655151367
Mali,MLI,2018,Quintile 1 (poorest),38.915531158447266,49.296207427978516
Mali,MLI,2018,Quintile 2,42.210968017578125,49.296207427978516
Mali,MLI,2018,Quintile 3,45.136817932128906,49.296207427978516
Mali,MLI,2018,Quintile 4,56.07563781738281,49.296207427978516
Mali,MLI,2018,Quintile 5 (richest),64.24915313720703,49.296207427978516
Mauritania,MRT,2007,Quintile 1 (poorest),,
Mauritania,MRT,2007,Quintile 2,,
Mauritania,MRT,2007,Quintile 3,,
Mauritania,MRT,2007,Quintile 4,,
Mauritania,MRT,2007,Quintile 5 (richest),,
Mauritania,MRT,2011,Quintile 1 (poorest),27.68951988220215,45.178157806396484
Mauritania,MRT,2011,Quintile 2,37.02804183959961,45.178157806396484
Mauritania,MRT,2011,Quintile 3,47.131595611572266,45.178157806396484
Mauritania,MRT,2011,Quintile 4,56.02094650268555,45.178157806396484
Mauritania,MRT,2011,Quintile 5 (richest),59.121482849121094,45.178157806396484
Mauritania,MRT,2015,Quintile 1 (poorest),30.60563850402832,48.951053619384766
Mauritania,MRT,2015,Quintile 2,38.83708190917969,48.951053619384766
Mauritania,MRT,2015,Quintile 3,49.97834396362305,48.951053619384766
Mauritania,MRT,2015,Quintile 4,60.53788757324219,48.951053619384766
Mauritania,MRT,2015,Quintile 5 (richest),66.92845916748047,48.951053619384766
Mongolia,MNG,2005,Quintile 1 (poorest),,
Mongolia,MNG,2005,Quintile 2,,
Mongolia,MNG,2005,Quintile 3,,
Mongolia,MNG,2005,Quintile 4,,
Mongolia,MNG,2005,Quintile 5 (richest),,
Mongolia,MNG,2010,Quintile 1 (poorest),75.99105072021484,79.985931396484375
Mongolia,MNG,2010,Quintile 2,81.25426483154297,79.985931396484375
Mongolia,MNG,2010,Quintile 3,83.01654815673828,79.985931396484375
Mongolia,MNG,2010,Quintile 4,75.35965728759766,79.985931396484375
Mongolia,MNG,2010,Quintile 5 (richest),81.94771575927734,79.985931396484375
Mongolia,MNG,2013,Quintile 1 (poorest),75.894256591796875,78.84529876708984
Mongolia,MNG,2013,Quintile 2,78.2565689086914,78.84529876708984
Mongolia,MNG,2013,Quintile 3,81.047210693359375,78.84529876708984
Mongolia,MNG,2013,Quintile 4,80.00825500488281,78.84529876708984
Mongolia,MNG,2013,Quintile 5 (richest),79.38355255126953,78.84529876708984
Mongolia,MNG,2018,Quintile 1 (poorest),80.21723937988281,79.56498718261719
Mongolia,MNG,2018,Quintile 2,79.68880462646484,79.56498718261719
Mongolia,MNG,2018,Quintile 3,77.45574951171875,79.56498718261719
Mongolia,MNG,2018,Quintile 4,78.942230224609375,79.56498718261719
Mongolia,MNG,2018,Quintile 5 (richest),83.49396514892578,79.56498718261719
Morocco,MAR,2003,Quintile 1 (poorest),48.461090087890625,60.44004440307617
Morocco,MAR,2003,Quintile 2,56.44118881225586,60.44004440307617
Morocco,MAR,2003,Quintile 3,62.90202713012695,60.44004440307617
Morocco,MAR,2003,Quintile 4,67.81876373291016,60.44004440307617
Morocco,MAR,2003,Quintile 5 (richest),71.987823486328125,60.44004440307617
Mozambique,MOZ,1997,Quintile 1 (poorest),20.91765022277832,40.791080474853516
Mozambique,MOZ,1997,Quintile 2,32.17787551879883,40.791080474853516
Mozambique,MOZ,1997,Quintile 3,35.5767707824707,40.791080474853516
Mozambique,MOZ,1997,Quintile 4,52.42540740966797,40.791080474853516
Mozambique,MOZ,1997,Quintile 5 (richest),66.01104736328125,40.791080474853516
Mozambique,MOZ,2003,Quintile 1 (poorest),35.408599853515625,51.6034049987793
Mozambique,MOZ,2003,Quintile 2,42.31869125366211,51.6034049987793
Mozambique,MOZ,2003,Quintile 3,49.494117736816406,51.6034049987793
Mozambique,MOZ,2003,Quintile 4,62.23558807373047,51.6034049987793
Mozambique,MOZ,2003,Quintile 5 (richest),74.54119873046875,51.6034049987793
Mozambique,MOZ,2008,Quintile 1 (poorest),,
Mozambique,MOZ,2008,Quintile 2,,
Mozambique,MOZ,2008,Quintile 3,,
Mozambique,MOZ,2008,Quintile 4,,
Mozambique,MOZ,2008,Quintile 5 (richest),,
Mozambique,MOZ,2011,Quintile 1 (poorest),40.40241622924805,54.59516143798828
Mozambique,MOZ,2011,Quintile 2,44.64810562133789,54.59516143798828
Mozambique,MOZ,2011,Quintile 3,53.448516845703125,54.59516143798828
Mozambique,MOZ,2011,Quintile 4,62.14991760253906,54.59516143798828
Mozambique,MOZ,2011,Quintile 5 (richest),71.96967315673828,54.59516143798828
Mozambique,MOZ,2015,Quintile 1 (poorest),49.283775329589844,61.23312759399414
Mozambique,MOZ,2015,Quintile 2,52.405738830566406,61.23312759399414
Mozambique,MOZ,2015,Quintile 3,61.084102630615234,61.23312759399414
Mozambique,MOZ,2015,Quintile 4,72.91214752197266,61.23312759399414
Mozambique,MOZ,2015,Quintile 5 (richest),74.47016143798828,61.23312759399414
Myanmar,MMR,2016,Quintile 1 (poorest),56.81560516357422,67.45470428466797
Myanmar,MMR,2016,Quintile 2,62.66841125488281,67.45470428466797
Myanmar,MMR,2016,Quintile 3,68.2223892211914,67.45470428466797
Myanmar,MMR,2016,Quintile 4,76.57026672363281,67.45470428466797
Myanmar,MMR,2016,Quintile 5 (richest),83.48272705078125,67.45470428466797
Nepal,NPL,1996,Quintile 1 (poorest),23.931169509887695,33.678077697753906
Nepal,NPL,1996,Quintile 2,29.34623146057129,33.678077697753906
Nepal,NPL,1996,Quintile 3,32.78675842285156,33.678077697753906
Nepal,NPL,1996,Quintile 4,35.24769592285156,33.678077697753906
Nepal,NPL,1996,Quintile 5 (richest),53.260292053222656,33.678077697753906
Nepal,NPL,2001,Quintile 1 (poorest),33.39457702636719,42.74846649169922
Nepal,NPL,2001,Quintile 2,36.87474822998047,42.74846649169922
Nepal,NPL,2001,Quintile 3,41.0690803527832,42.74846649169922
Nepal,NPL,2001,Quintile 4,46.964759826660156,42.74846649169922
Nepal,NPL,2001,Quintile 5 (richest),61.786102294921875,42.74846649169922
Nepal,NPL,2006,Quintile 1 (poorest),39.8646125793457,52.81577682495117
Nepal,NPL,2006,Quintile 2,49.206668853759766,52.81577682495117
Nepal,NPL,2006,Quintile 3,54.35197448730469,52.81577682495117
Nepal,NPL,2006,Quintile 4,58.437644958496094,52.81577682495117
Nepal,NPL,2006,Quintile 5 (richest),67.69514465332031,52.81577682495117
Nepal,NPL,2010,Quintile 1 (poorest),48.62786865234375,60.84255599975586
Nepal,NPL,2010,Quintile 2,56.038116455078125,60.84255599975586
Nepal,NPL,2010,Quintile 3,60.420684814453125,60.84255599975586
Nepal,NPL,2010,Quintile 4,72.22618103027344,60.84255599975586
Nepal,NPL,2010,Quintile 5 (richest),71.098236083984375,60.84255599975586
Nepal,NPL,2011,Quintile 1 (poorest),49.666900634765625,59.983360290527344
Nepal,NPL,2011,Quintile 2,56.33461380004883,59.983360290527344
Nepal,NPL,2011,Quintile 3,59.52133560180664,59.983360290527344
Nepal,NPL,2011,Quintile 4,67.28655242919922,59.983360290527344
Nepal,NPL,2011,Quintile 5 (richest),75.25927734375,59.983360290527344
Nepal,NPL,2014,Quintile 1 (poorest),57.50571060180664,64.738800048828125
Nepal,NPL,2014,Quintile 2,61.796165466308594,64.738800048828125
Nepal,NPL,2014,Quintile 3,62.87309646606445,64.738800048828125
Nepal,NPL,2014,Quintile 4,69.34757232666016,64.738800048828125
Nepal,NPL,2014,Quintile 5 (richest),76.57936096191406,64.738800048828125
Nepal,NPL,2016,Quintile 1 (poorest),60.91481399536133,64.680694580078125
Nepal,NPL,2016,Quintile 2,62.20107650756836,64.680694580078125
Nepal,NPL,2016,Quintile 3,64.70271301269531,64.680694580078125
Nepal,NPL,2016,Quintile 4,68.32707977294922,64.680694580078125
Nepal,NPL,2016,Quintile 5 (richest),68.67093658447266,64.680694580078125
Nepal,NPL,2019,Quintile 1 (poorest),70.34413146972656,73.73856353759766
Nepal,NPL,2019,Quintile 2,72.109832763671875,73.73856353759766
Nepal,NPL,2019,Quintile 3,73.95884704589844,73.73856353759766
Nepal,NPL,2019,Quintile 4,75.73168182373047,73.73856353759766
Nepal,NPL,2019,Quintile 5 (richest),78.95854187011719,73.73856353759766
Nicaragua,NIC,1992,Quintile 1 (poorest),,
Nicaragua,NIC,1992,Quintile 2,,
Nicaragua,NIC,1992,Quintile 3,,
Nicaragua,NIC,1992,Quintile 4,,
Nicaragua,NIC,1992,Quintile 5 (richest),,
Nicaragua,NIC,1998,Quintile 1 (poorest),56.18467330932617,70.62605285644531
Nicaragua,NIC,1998,Quintile 2,69.85179901123047,70.62605285644531
Nicaragua,NIC,1998,Quintile 3,74.04549407958984,70.62605285644531
Nicaragua,NIC,1998,Quintile 4,79.91584777832031,70.62605285644531
Nicaragua,NIC,1998,Quintile 5 (richest),80.77589416503906,70.62605285644531
Nicaragua,NIC,2001,Quintile 1 (poorest),62.70244216918945,74.72624206542969
Nicaragua,NIC,2001,Quintile 2,74.860321044921875,74.72624206542969
Nicaragua,NIC,2001,Quintile 3,78.79608917236328,74.72624206542969
Nicaragua,NIC,2001,Quintile 4,79.5584716796875,74.72624206542969
Nicaragua,NIC,2001,Quintile 5 (richest),81.94605255126953,74.72624206542969
Nicaragua,NIC,2006,Quintile 1 (poorest),,
Nicaragua,NIC,2006,Quintile 2,,
Nicaragua,NIC,2006,Quintile 3,,
Nicaragua,NIC,2006,Quintile 4,,
Nicaragua,NIC,2006,Quintile 5 (richest),,
Niger,NER,1998,Quintile 1 (poorest),10.658987045288086,22.177579879760742
Niger,NER,1998,Quintile 2,12.913164138793945,22.177579879760742
Niger,NER,1998,Quintile 3,13.124351501464844,22.177579879760742
Niger,NER,1998,Quintile 4,21.92646026611328,22.177579879760742
Niger,NER,1998,Quintile 5 (richest),52.51906967163086,22.177579879760742
Niger,NER,2006,Quintile 1 (poorest),19.6638126373291,28.85205078125
Niger,NER,2006,Quintile 2,22.983179092407227,28.85205078125
Niger,NER,2006,Quintile 3,21.289321899414063,28.85205078125
Niger,NER,2006,Quintile 4,27.953350067138672,28.85205078125
Niger,NER,2006,Quintile 5 (richest),51.563079833984375,28.85205078125
Niger,NER,2012,Quintile 1 (poorest),32.22159194946289,45.41590881347656
Niger,NER,2012,Quintile 2,40.39052200317383,45.41590881347656
Niger,NER,2012,Quintile 3,41.17331314086914,45.41590881347656
Niger,NER,2012,Quintile 4,46.93388366699219,45.41590881347656
Niger,NER,2012,Quintile 5 (richest),63.44236755371094,45.41590881347656
Nigeria,NGA,1999,Quintile 1 (poorest),,37.376258850097656
Nigeria,NGA,1999,Quintile 2,,37.376258850097656
Nigeria,NGA,1999,Quintile 3,,37.376258850097656
Nigeria,NGA,1999,Quintile 4,,37.376258850097656
Nigeria,NGA,1999,Quintile 5 (richest),,37.376258850097656
Nigeria,NGA,2003,Quintile 1 (poorest),15.24853229522705,30.823135375976563
Nigeria,NGA,2003,Quintile 2,18.161544799804688,30.823135375976563
Nigeria,NGA,2003,Quintile 3,26.70505142211914,30.823135375976563
Nigeria,NGA,2003,Quintile 4,36.661170959472656,30.823135375976563
Nigeria,NGA,2003,Quintile 5 (richest),61.59785461425781,30.823135375976563
Nigeria,NGA,2007,Quintile 1 (poorest),14.386155128479004,37.50022506713867
Nigeria,NGA,2007,Quintile 2,23.378908157348633,37.50022506713867
Nigeria,NGA,2007,Quintile 3,31.103965759277344,37.50022506713867
Nigeria,NGA,2007,Quintile 4,49.18503952026367,37.50022506713867
Nigeria,NGA,2007,Quintile 5 (richest),63.470577239990234,37.50022506713867
Nigeria,NGA,2008,Quintile 1 (poorest),13.882015228271484,35.34966278076172
Nigeria,NGA,2008,Quintile 2,22.695613861083984,35.34966278076172
Nigeria,NGA,2008,Quintile 3,36.12367630004883,35.34966278076172
Nigeria,NGA,2008,Quintile 4,49.66314697265625,35.34966278076172
Nigeria,NGA,2008,Quintile 5 (richest),64.74836730957031,35.34966278076172
Nigeria,NGA,2011,Quintile 1 (poorest),17.077367782592773,41.607810974121094
Nigeria,NGA,2011,Quintile 2,28.787761688232422,41.607810974121094
Nigeria,NGA,2011,Quintile 3,43.348655700683594,41.607810974121094
Nigeria,NGA,2011,Quintile 4,54.74168014526367,41.607810974121094
Nigeria,NGA,2011,Quintile 5 (richest),71.18318939208984,41.607810974121094
Nigeria,NGA,2013,Quintile 1 (poorest),12.809669494628906,37.66791534423828
Nigeria,NGA,2013,Quintile 2,24.01573371887207,37.66791534423828
Nigeria,NGA,2013,Quintile 3,39.7789192199707,37.66791534423828
Nigeria,NGA,2013,Quintile 4,51.102447509765625,37.66791534423828
Nigeria,NGA,2013,Quintile 5 (richest),67.42524719238281,37.66791534423828
Nigeria,NGA,2016,Quintile 1 (poorest),15.390427589416504,35.595367431640625
Nigeria,NGA,2016,Quintile 2,24.781726837158203,35.595367431640625
Nigeria,NGA,2016,Quintile 3,35.123451232910156,35.595367431640625
Nigeria,NGA,2016,Quintile 4,47.1743278503418,35.595367431640625
Nigeria,NGA,2016,Quintile 5 (richest),59.65483856201172,35.595367431640625
Nigeria,NGA,2018,Quintile 1 (poorest),28.668886184692383,47.541351318359375
Nigeria,NGA,2018,Quintile 2,36.95448684692383,47.541351318359375
Nigeria,NGA,2018,Quintile 3,48.42652130126953,47.541351318359375
Nigeria,NGA,2018,Quintile 4,59.3487434387207,47.541351318359375
Nigeria,NGA,2018,Quintile 5 (richest),70.90984344482422,47.541351318359375
Pakistan,PAK,2006,Quintile 1 (poorest),33.083740234375,48.74238204956055
Pakistan,PAK,2006,Quintile 2,39.90544509887695,48.74238204956055
Pakistan,PAK,2006,Quintile 3,48.574310302734375,48.74238204956055
Pakistan,PAK,2006,Quintile 4,57.62412643432617,48.74238204956055
Pakistan,PAK,2006,Quintile 5 (richest),66.9311752319336,48.74238204956055
Pakistan,PAK,2012,Quintile 1 (poorest),35.50642013549805,52.804874420166016
Pakistan,PAK,2012,Quintile 2,46.82566452026367,52.804874420166016
Pakistan,PAK,2012,Quintile 3,52.88055419921875,52.804874420166016
Pakistan,PAK,2012,Quintile 4,61.802642822265625,52.804874420166016
Pakistan,PAK,2012,Quintile 5 (richest),71.44615173339844,52.804874420166016
Pakistan,PAK,2017,Quintile 1 (poorest),46.44472885131836,61.70296096801758
Pakistan,PAK,2017,Quintile 2,55.79100799560547,61.70296096801758
Pakistan,PAK,2017,Quintile 3,63.26994323730469,61.70296096801758
Pakistan,PAK,2017,Quintile 4,69.86323547363281,61.70296096801758
Pakistan,PAK,2017,Quintile 5 (richest),74.35707092285156,61.70296096801758
Papua New Guinea,PNG,2017,Quintile 1 (poorest),33.06386947631836,49.955101013183594
Papua New Guinea,PNG,2017,Quintile 2,44.20573043823242,49.955101013183594
Papua New Guinea,PNG,2017,Quintile 3,47.94786834716797,49.955101013183594
Papua New Guinea,PNG,2017,Quintile 4,57.78516387939453,49.955101013183594
Papua New Guinea,PNG,2017,Quintile 5 (richest),66.799072265625,49.955101013183594
Philippines,PHL,1993,Quintile 1 (poorest),39.65496826171875,53.123897552490234
Philippines,PHL,1993,Quintile 2,50.034183502197266,53.123897552490234
Philippines,PHL,1993,Quintile 3,56.86579513549805,53.123897552490234
Philippines,PHL,1993,Quintile 4,61.25849533081055,53.123897552490234
Philippines,PHL,1993,Quintile 5 (richest),67.40467834472656,53.123897552490234
Philippines,PHL,1998,Quintile 1 (poorest),44.063167572021484,58.491432189941406
Philippines,PHL,1998,Quintile 2,53.52265930175781,58.491432189941406
Philippines,PHL,1998,Quintile 3,65.64871978759766,58.491432189941406
Philippines,PHL,1998,Quintile 4,69.0907974243164,58.491432189941406
Philippines,PHL,1998,Quintile 5 (richest),70.46820068359375,58.491432189941406
Philippines,PHL,2003,Quintile 1 (poorest),46.237327575683594,60.821800231933594
Philippines,PHL,2003,Quintile 2,57.892333984375,60.821800231933594
Philippines,PHL,2003,Quintile 3,66.2675552368164,60.821800231933594
Philippines,PHL,2003,Quintile 4,69.95265197753906,60.821800231933594
Philippines,PHL,2003,Quintile 5 (richest),74.83475494384766,60.821800231933594
Philippines,PHL,2008,Quintile 1 (poorest),48.87981033325195,62.99374771118164
Philippines,PHL,2008,Quintile 2,61.361419677734375,62.99374771118164
Philippines,PHL,2008,Quintile 3,67.737823486328125,62.99374771118164
Philippines,PHL,2008,Quintile 4,72.88825225830078,62.99374771118164
Philippines,PHL,2008,Quintile 5 (richest),73.54277038574219,62.99374771118164
Philippines,PHL,2013,Quintile 1 (poorest),58.62161636352539,68.76359558105469
Philippines,PHL,2013,Quintile 2,67.36256408691406,68.76359558105469
Philippines,PHL,2013,Quintile 3,73.831787109375,68.76359558105469
Philippines,PHL,2013,Quintile 4,74.38597869873047,68.76359558105469
Philippines,PHL,2013,Quintile 5 (richest),76.130126953125,68.76359558105469
Philippines,PHL,2017,Quintile 1 (poorest),62.943260192871094,70.22891998291016
Philippines,PHL,2017,Quintile 2,70.780792236328125,70.22891998291016
Philippines,PHL,2017,Quintile 3,74.00287628173828,70.22891998291016
Philippines,PHL,2017,Quintile 4,74.5230941772461,70.22891998291016
Philippines,PHL,2017,Quintile 5 (richest),75.05001068115234,70.22891998291016
Rwanda,RWA,2000,Quintile 1 (poorest),28.753454208374023,33.17616653442383
Rwanda,RWA,2000,Quintile 2,29.74663734436035,33.17616653442383
Rwanda,RWA,2000,Quintile 3,31.779590606689453,33.17616653442383
Rwanda,RWA,2000,Quintile 4,33.10386276245117,33.17616653442383
Rwanda,RWA,2000,Quintile 5 (richest),44.64849853515625,33.17616653442383
Rwanda,RWA,2005,Quintile 1 (poorest),33.67586135864258,37.97376251220703
Rwanda,RWA,2005,Quintile 2,34.852455139160156,37.97376251220703
Rwanda,RWA,2005,Quintile 3,35.60102462768555,37.97376251220703
Rwanda,RWA,2005,Quintile 4,37.949581146240234,37.97376251220703
Rwanda,RWA,2005,Quintile 5 (richest),48.72975540161133,37.97376251220703
Rwanda,RWA,2010,Quintile 1 (poorest),58.42164611816406,63.545616149902344
Rwanda,RWA,2010,Quintile 2,61.30842590332031,63.545616149902344
Rwanda,RWA,2010,Quintile 3,64.1292953491211,63.545616149902344
Rwanda,RWA,2010,Quintile 4,64.9224853515625,63.545616149902344
Rwanda,RWA,2010,Quintile 5 (richest),71.5597915649414,63.545616149902344
Rwanda,RWA,2015,Quintile 1 (poorest),63.8054313659668,67.667266845703125
Rwanda,RWA,2015,Quintile 2,67.85330963134766,67.667266845703125
Rwanda,RWA,2015,Quintile 3,68.7280502319336,67.667266845703125
Rwanda,RWA,2015,Quintile 4,68.91919708251953,67.667266845703125
Rwanda,RWA,2015,Quintile 5 (richest),71.35972595214844,67.667266845703125
Rwanda,RWA,2019,Quintile 1 (poorest),69.8611831665039,72.18993377685547
Rwanda,RWA,2019,Quintile 2,70.84444427490234,72.18993377685547
Rwanda,RWA,2019,Quintile 3,73.63703155517578,72.18993377685547
Rwanda,RWA,2019,Quintile 4,78.003875732421875,72.18993377685547
Rwanda,RWA,2019,Quintile 5 (richest),71.732452392578125,72.18993377685547
Samoa,WSM,2020,Quintile 1 (poorest),53.300201416015625,55.56587600708008
Samoa,WSM,2020,Quintile 2,49.75624465942383,55.56587600708008
Samoa,WSM,2020,Quintile 3,55.580596923828125,55.56587600708008
Samoa,WSM,2020,Quintile 4,58.37409973144531,55.56587600708008
Samoa,WSM,2020,Quintile 5 (richest),61.0462646484375,55.56587600708008
São Tomé and Príncipe,STP,2008,Quintile 1 (poorest),66.723907470703125,67.94175720214844
São Tomé and Príncipe,STP,2008,Quintile 2,63.228599548339844,67.94175720214844
São Tomé and Príncipe,STP,2008,Quintile 3,67.28545379638672,67.94175720214844
São Tomé and Príncipe,STP,2008,Quintile 4,69.31902313232422,67.94175720214844
São Tomé and Príncipe,STP,2008,Quintile 5 (richest),74.08613586425781,67.94175720214844
São Tomé and Príncipe,STP,2014,Quintile 1 (poorest),68.11176300048828,72.97537994384766
São Tomé and Príncipe,STP,2014,Quintile 2,72.47058868408203,72.97537994384766
São Tomé and Príncipe,STP,2014,Quintile 3,76.40876007080078,72.97537994384766
São Tomé and Príncipe,STP,2014,Quintile 4,74.68035125732422,72.97537994384766
São Tomé and Príncipe,STP,2014,Quintile 5 (richest),73.78218078613281,72.97537994384766
São Tomé and Príncipe,STP,2019,Quintile 1 (poorest),64.65795135498047,67.54796600341797
São Tomé and Príncipe,STP,2019,Quintile 2,68.64079284667969,67.54796600341797
São Tomé and Príncipe,STP,2019,Quintile 3,67.18834686279297,67.54796600341797
São Tomé and Príncipe,STP,2019,Quintile 4,71.37562561035156,67.54796600341797
São Tomé and Príncipe,STP,2019,Quintile 5 (richest),65.01414489746094,67.54796600341797
Senegal,SEN,1997,Quintile 1 (poorest),,
Senegal,SEN,1997,Quintile 2,,
Senegal,SEN,1997,Quintile 3,,
Senegal,SEN,1997,Quintile 4,,
Senegal,SEN,1997,Quintile 5 (richest),,
Senegal,SEN,2005,Quintile 1 (poorest),33.11491775512695,45.31575012207031
Senegal,SEN,2005,Quintile 2,36.531158447265625,45.31575012207031
Senegal,SEN,2005,Quintile 3,43.94145584106445,45.31575012207031
Senegal,SEN,2005,Quintile 4,53.439998626708984,45.31575012207031
Senegal,SEN,2005,Quintile 5 (richest),61.55297088623047,45.31575012207031
Senegal,SEN,2010,Quintile 1 (poorest),36.93722915649414,51.47945785522461
Senegal,SEN,2010,Quintile 2,45.01084899902344,51.47945785522461
Senegal,SEN,2010,Quintile 3,53.456180572509766,51.47945785522461
Senegal,SEN,2010,Quintile 4,56.540931701660156,51.47945785522461
Senegal,SEN,2010,Quintile 5 (richest),66.747314453125,51.47945785522461
Senegal,SEN,2012,Quintile 1 (poorest),35.46388244628906,51.27938461303711
Senegal,SEN,2012,Quintile 2,44.471134185791016,51.27938461303711
Senegal,SEN,2012,Quintile 3,51.06621551513672,51.27938461303711
Senegal,SEN,2012,Quintile 4,60.100765228271484,51.27938461303711
Senegal,SEN,2012,Quintile 5 (richest),66.19751739501953,51.27938461303711
Senegal,SEN,2014,Quintile 1 (poorest),44.60577392578125,54.11505126953125
Senegal,SEN,2014,Quintile 2,48.66801071166992,54.11505126953125
Senegal,SEN,2014,Quintile 3,53.670684814453125,54.11505126953125
Senegal,SEN,2014,Quintile 4,62.208824157714844,54.11505126953125
Senegal,SEN,2014,Quintile 5 (richest),61.80432891845703,54.11505126953125
Senegal,SEN,2015,Quintile 1 (poorest),43.48440933227539,55.219261169433594
Senegal,SEN,2015,Quintile 2,51.636539459228516,55.219261169433594
Senegal,SEN,2015,Quintile 3,57.14306640625,55.219261169433594
Senegal,SEN,2015,Quintile 4,60.65150451660156,55.219261169433594
Senegal,SEN,2015,Quintile 5 (richest),68.16094207763672,55.219261169433594
Senegal,SEN,2016,Quintile 1 (poorest),43.892555236816406,56.4838752746582
Senegal,SEN,2016,Quintile 2,52.12826156616211,56.4838752746582
Senegal,SEN,2016,Quintile 3,59.45561981201172,56.4838752746582
Senegal,SEN,2016,Quintile 4,62.226348876953125,56.4838752746582
Senegal,SEN,2016,Quintile 5 (richest),70.68719482421875,56.4838752746582
Senegal,SEN,2017,Quintile 1 (poorest),47.46807861328125,61.86056900024414
Senegal,SEN,2017,Quintile 2,55.562400817871094,61.86056900024414
Senegal,SEN,2017,Quintile 3,64.12862396240234,61.86056900024414
Senegal,SEN,2017,Quintile 4,69.49542999267578,61.86056900024414
Senegal,SEN,2017,Quintile 5 (richest),75.65003204345703,61.86056900024414
Senegal,SEN,2018,Quintile 1 (poorest),49.8945426940918,62.1448860168457
Senegal,SEN,2018,Quintile 2,59.470611572265625,62.1448860168457
Senegal,SEN,2018,Quintile 3,63.3270149230957,62.1448860168457
Senegal,SEN,2018,Quintile 4,70.57978057861328,62.1448860168457
Senegal,SEN,2018,Quintile 5 (richest),69.83344268798828,62.1448860168457
Senegal,SEN,2019,Quintile 1 (poorest),49.72196578979492,61.41129684448242
Senegal,SEN,2019,Quintile 2,56.94725036621094,61.41129684448242
Senegal,SEN,2019,Quintile 3,63.87926483154297,61.41129684448242
Senegal,SEN,2019,Quintile 4,67.98554229736328,61.41129684448242
Senegal,SEN,2019,Quintile 5 (richest),69.86375427246094,61.41129684448242
Sierra Leone,SLE,2005,Quintile 1 (poorest),,
Sierra Leone,SLE,2005,Quintile 2,,
Sierra Leone,SLE,2005,Quintile 3,,
Sierra Leone,SLE,2005,Quintile 4,,
Sierra Leone,SLE,2005,Quintile 5 (richest),,
Sierra Leone,SLE,2008,Quintile 1 (poorest),38.1850471496582,47.206546783447266
Sierra Leone,SLE,2008,Quintile 2,43.9365234375,47.206546783447266
Sierra Leone,SLE,2008,Quintile 3,45.015594482421875,47.206546783447266
Sierra Leone,SLE,2008,Quintile 4,49.86347961425781,47.206546783447266
Sierra Leone,SLE,2008,Quintile 5 (richest),61.135799407958984,47.206546783447266
Sierra Leone,SLE,2010,Quintile 1 (poorest),56.97081756591797,62.65547180175781
Sierra Leone,SLE,2010,Quintile 2,58.05775451660156,62.65547180175781
Sierra Leone,SLE,2010,Quintile 3,61.55397415161133,62.65547180175781
Sierra Leone,SLE,2010,Quintile 4,66.86643981933594,62.65547180175781
Sierra Leone,SLE,2010,Quintile 5 (richest),70.212432861328125,62.65547180175781
Sierra Leone,SLE,2013,Quintile 1 (poorest),63.013328552246094,66.39716339111328
Sierra Leone,SLE,2013,Quintile 2,63.105010986328125,66.39716339111328
Sierra Leone,SLE,2013,Quintile 3,64.81028747558594,66.39716339111328
Sierra Leone,SLE,2013,Quintile 4,68.95927429199219,66.39716339111328
Sierra Leone,SLE,2013,Quintile 5 (richest),72.8774185180664,66.39716339111328
Sierra Leone,SLE,2017,Quintile 1 (poorest),66.2337417602539,70.28810119628906
Sierra Leone,SLE,2017,Quintile 2,67.142181396484375,70.28810119628906
Sierra Leone,SLE,2017,Quintile 3,69.76505279541016,70.28810119628906
Sierra Leone,SLE,2017,Quintile 4,73.430023193359375,70.28810119628906
Sierra Leone,SLE,2017,Quintile 5 (richest),76.1673355102539,70.28810119628906
Sierra Leone,SLE,2019,Quintile 1 (poorest),71.68761444091797,72.90605163574219
Sierra Leone,SLE,2019,Quintile 2,72.43537139892578,72.90605163574219
Sierra Leone,SLE,2019,Quintile 3,73.371368408203125,72.90605163574219
Sierra Leone,SLE,2019,Quintile 4,74.118072509765625,72.90605163574219
Sierra Leone,SLE,2019,Quintile 5 (richest),73.416839599609375,72.90605163574219
Somalia,SOM,2006,Quintile 1 (poorest),,
Somalia,SOM,2006,Quintile 2,,
Somalia,SOM,2006,Quintile 3,,
Somalia,SOM,2006,Quintile 4,,
Somalia,SOM,2006,Quintile 5 (richest),,
South Sudan,SSD,2010,Quintile 1 (poorest),,
South Sudan,SSD,2010,Quintile 2,,
South Sudan,SSD,2010,Quintile 3,,
South Sudan,SSD,2010,Quintile 4,,
South Sudan,SSD,2010,Quintile 5 (richest),,
Sudan,SDN,2010,Quintile 1 (poorest),30.684444427490234,46.605186462402344
Sudan,SDN,2010,Quintile 2,38.060787200927734,46.605186462402344
Sudan,SDN,2010,Quintile 3,46.81826400756836,46.605186462402344
Sudan,SDN,2010,Quintile 4,57.76483917236328,46.605186462402344
Sudan,SDN,2010,Quintile 5 (richest),64.283111572265625,46.605186462402344
Sudan,SDN,2014,Quintile 1 (poorest),32.359344482421875,51.43547821044922
Sudan,SDN,2014,Quintile 2,42.98686599731445,51.43547821044922
Sudan,SDN,2014,Quintile 3,54.53740310668945,51.43547821044922
Sudan,SDN,2014,Quintile 4,60.67802429199219,51.43547821044922
Sudan,SDN,2014,Quintile 5 (richest),67.927398681640625,51.43547821044922
Syrian Arab Republic,SYR,2006,Quintile 1 (poorest),,
Syrian Arab Republic,SYR,2006,Quintile 2,,
Syrian Arab Republic,SYR,2006,Quintile 3,,
Syrian Arab Republic,SYR,2006,Quintile 4,,
Syrian Arab Republic,SYR,2006,Quintile 5 (richest),,
Tajikistan,TJK,2005,Quintile 1 (poorest),,
Tajikistan,TJK,2005,Quintile 2,,
Tajikistan,TJK,2005,Quintile 3,,
Tajikistan,TJK,2005,Quintile 4,,
Tajikistan,TJK,2005,Quintile 5 (richest),,
Tajikistan,TJK,2012,Quintile 1 (poorest),66.05626678466797,69.38224792480469
Tajikistan,TJK,2012,Quintile 2,66.16226959228516,69.38224792480469
Tajikistan,TJK,2012,Quintile 3,72.84259033203125,69.38224792480469
Tajikistan,TJK,2012,Quintile 4,70.73420715332031,69.38224792480469
Tajikistan,TJK,2012,Quintile 5 (richest),73.22978973388672,69.38224792480469
Tajikistan,TJK,2017,Quintile 1 (poorest),63.35302734375,70.91706085205078
Tajikistan,TJK,2017,Quintile 2,69.969329833984375,70.91706085205078
Tajikistan,TJK,2017,Quintile 3,71.47698211669922,70.91706085205078
Tajikistan,TJK,2017,Quintile 4,75.39930725097656,70.91706085205078
Tajikistan,TJK,2017,Quintile 5 (richest),74.160858154296875,70.91706085205078
Tanzania,TZA,1996,Quintile 1 (poorest),45.55370330810547,58.75714874267578
Tanzania,TZA,1996,Quintile 2,55.87891387939453,58.75714874267578
Tanzania,TZA,1996,Quintile 3,56.191436767578125,58.75714874267578
Tanzania,TZA,1996,Quintile 4,61.191646575927734,58.75714874267578
Tanzania,TZA,1996,Quintile 5 (richest),74.2606430053711,58.75714874267578
Tanzania,TZA,1999,Quintile 1 (poorest),,
Tanzania,TZA,1999,Quintile 2,,
Tanzania,TZA,1999,Quintile 3,,
Tanzania,TZA,1999,Quintile 4,,
Tanzania,TZA,1999,Quintile 5 (richest),,
Tanzania,TZA,2004,Quintile 1 (poorest),48.51961135864258,58.49611282348633
Tanzania,TZA,2004,Quintile 2,54.57843017578125,58.49611282348633
Tanzania,TZA,2004,Quintile 3,56.66381072998047,58.49611282348633
Tanzania,TZA,2004,Quintile 4,60.53501510620117,58.49611282348633
Tanzania,TZA,2004,Quintile 5 (richest),73.38725280761719,58.49611282348633
Tanzania,TZA,2010,Quintile 1 (poorest),51.18684005737305,59.57500457763672
Tanzania,TZA,2010,Quintile 2,54.638885498046875,59.57500457763672
Tanzania,TZA,2010,Quintile 3,55.117340087890625,59.57500457763672
Tanzania,TZA,2010,Quintile 4,66.733795166015625,59.57500457763672
Tanzania,TZA,2010,Quintile 5 (richest),72.86736297607422,59.57500457763672
Tanzania,TZA,2015,Quintile 1 (poorest),49.77762222290039,60.431427001953125
Tanzania,TZA,2015,Quintile 2,56.362545013427734,60.431427001953125
Tanzania,TZA,2015,Quintile 3,60.74032211303711,60.431427001953125
Tanzania,TZA,2015,Quintile 4,66.39617919921875,60.431427001953125
Tanzania,TZA,2015,Quintile 5 (richest),70.3055648803711,60.431427001953125
Timor-Leste,TLS,2009,Quintile 1 (poorest),43.5486946105957,55.60669708251953
Timor-Leste,TLS,2009,Quintile 2,49.958648681640625,55.60669708251953
Timor-Leste,TLS,2009,Quintile 3,55.90560531616211,55.60669708251953
Timor-Leste,TLS,2009,Quintile 4,60.298282623291016,55.60669708251953
Timor-Leste,TLS,2009,Quintile 5 (richest),67.5589599609375,55.60669708251953
Timor-Leste,TLS,2016,Quintile 1 (poorest),52.626216888427734,62.98057556152344
Timor-Leste,TLS,2016,Quintile 2,55.27528381347656,62.98057556152344
Timor-Leste,TLS,2016,Quintile 3,61.6046142578125,62.98057556152344
Timor-Leste,TLS,2016,Quintile 4,68.49312591552734,62.98057556152344
Timor-Leste,TLS,2016,Quintile 5 (richest),74.7575454711914,62.98057556152344
Togo,TGO,1998,Quintile 1 (poorest),21.807201385498047,33.35468292236328
Togo,TGO,1998,Quintile 2,27.298133850097656,33.35468292236328
Togo,TGO,1998,Quintile 3,33.27921676635742,33.35468292236328
Togo,TGO,1998,Quintile 4,40.17498016357422,33.35468292236328
Togo,TGO,1998,Quintile 5 (richest),53.86309814453125,33.35468292236328
Togo,TGO,2006,Quintile 1 (poorest),,
Togo,TGO,2006,Quintile 2,,
Togo,TGO,2006,Quintile 3,,
Togo,TGO,2006,Quintile 4,,
Togo,TGO,2006,Quintile 5 (richest),,
Togo,TGO,2010,Quintile 1 (poorest),32.33518981933594,44.85649490356445
Togo,TGO,2010,Quintile 2,39.1641960144043,44.85649490356445
Togo,TGO,2010,Quintile 3,44.83913803100586,44.85649490356445
Togo,TGO,2010,Quintile 4,52.2504997253418,44.85649490356445
Togo,TGO,2010,Quintile 5 (richest),62.297035217285156,44.85649490356445
Togo,TGO,2013,Quintile 1 (poorest),46.03650665283203,52.10836410522461
Togo,TGO,2013,Quintile 2,46.24518966674805,52.10836410522461
Togo,TGO,2013,Quintile 3,47.59782409667969,52.10836410522461
Togo,TGO,2013,Quintile 4,56.40591812133789,52.10836410522461
Togo,TGO,2013,Quintile 5 (richest),65.6666488647461,52.10836410522461
Togo,TGO,2017,Quintile 1 (poorest),42.9033317565918,51.07574462890625
Togo,TGO,2017,Quintile 2,44.30577087402344,51.07574462890625
Togo,TGO,2017,Quintile 3,50.51115798950195,51.07574462890625
Togo,TGO,2017,Quintile 4,60.61906814575195,51.07574462890625
Togo,TGO,2017,Quintile 5 (richest),56.46641159057617,51.07574462890625
Tunisia,TUN,2011,Quintile 1 (poorest),77.8950424194336,81.0285415649414
Tunisia,TUN,2011,Quintile 2,81.77800750732422,81.0285415649414
Tunisia,TUN,2011,Quintile 3,80.76570129394531,81.0285415649414
Tunisia,TUN,2011,Quintile 4,82.646331787109375,81.0285415649414
Tunisia,TUN,2011,Quintile 5 (richest),84.12806701660156,81.0285415649414
Tunisia,TUN,2018,Quintile 1 (poorest),75.78461456298828,77.33243560791016
Tunisia,TUN,2018,Quintile 2,77.72503662109375,77.33243560791016
Tunisia,TUN,2018,Quintile 3,76.62294006347656,77.33243560791016
Tunisia,TUN,2018,Quintile 4,78.8772201538086,77.33243560791016
Tunisia,TUN,2018,Quintile 5 (richest),80.792083740234375,77.33243560791016
Uganda,UGA,1995,Quintile 1 (poorest),34.78166580200195,45.2708625793457
Uganda,UGA,1995,Quintile 2,38.86332321166992,45.2708625793457
Uganda,UGA,1995,Quintile 3,42.52241516113281,45.2708625793457
Uganda,UGA,1995,Quintile 4,46.5834846496582,45.2708625793457
Uganda,UGA,1995,Quintile 5 (richest),63.84972381591797,45.2708625793457
Uganda,UGA,2000,Quintile 1 (poorest),32.18974304199219,42.70874786376953
Uganda,UGA,2000,Quintile 2,37.0022087097168,42.70874786376953
Uganda,UGA,2000,Quintile 3,38.677284240722656,42.70874786376953
Uganda,UGA,2000,Quintile 4,45.90800476074219,42.70874786376953
Uganda,UGA,2000,Quintile 5 (richest),62.393741607666016,42.70874786376953
Uganda,UGA,2006,Quintile 1 (poorest),46.41958236694336,50.51765441894531
Uganda,UGA,2006,Quintile 2,44.554222106933594,50.51765441894531
Uganda,UGA,2006,Quintile 3,46.4604377746582,50.51765441894531
Uganda,UGA,2006,Quintile 4,51.89484786987305,50.51765441894531
Uganda,UGA,2006,Quintile 5 (richest),63.3436393737793,50.51765441894531
Uganda,UGA,2011,Quintile 1 (poorest),51.41083526611328,58.28003692626953
Uganda,UGA,2011,Quintile 2,54.507755279541016,58.28003692626953
Uganda,UGA,2011,Quintile 3,55.980438232421875,58.28003692626953
Uganda,UGA,2011,Quintile 4,60.60102081298828,58.28003692626953
Uganda,UGA,2011,Quintile 5 (richest),68.696136474609375,58.28003692626953
Uganda,UGA,2016,Quintile 1 (poorest),59.069759368896484,65.10536193847656
Uganda,UGA,2016,Quintile 2,62.040191650390625,65.10536193847656
Uganda,UGA,2016,Quintile 3,64.959320068359375,65.10536193847656
Uganda,UGA,2016,Quintile 4,67.85382080078125,65.10536193847656
Uganda,UGA,2016,Quintile 5 (richest),71.69307708740234,65.10536193847656
Ukraine,UKR,1999,Quintile 1 (poorest),,
Ukraine,UKR,1999,Quintile 2,,
Ukraine,UKR,1999,Quintile 3,,
Ukraine,UKR,1999,Quintile 4,,
Ukraine,UKR,1999,Quintile 5 (richest),,
Ukraine,UKR,2005,Quintile 1 (poorest),,
Ukraine,UKR,2005,Quintile 2,,
Ukraine,UKR,2005,Quintile 3,,
Ukraine,UKR,2005,Quintile 4,,
Ukraine,UKR,2005,Quintile 5 (richest),,
Ukraine,UKR,2007,Quintile 1 (poorest),,
Ukraine,UKR,2007,Quintile 2,,
Ukraine,UKR,2007,Quintile 3,,
Ukraine,UKR,2007,Quintile 4,,
Ukraine,UKR,2007,Quintile 5 (richest),,
Ukraine,UKR,2012,Quintile 1 (poorest),76.00562286376953,78.940673828125
Ukraine,UKR,2012,Quintile 2,79.53582763671875,78.940673828125
Ukraine,UKR,2012,Quintile 3,81.19489288330078,78.940673828125
Ukraine,UKR,2012,Quintile 4,79.37210845947266,78.940673828125
Ukraine,UKR,2012,Quintile 5 (richest),78.03826904296875,78.940673828125
Uzbekistan,UZB,1996,Quintile 1 (poorest),71.01190185546875,78.32306671142578
Uzbekistan,UZB,1996,Quintile 2,80.704742431640625,78.32306671142578
Uzbekistan,UZB,1996,Quintile 3,79.40120697021484,78.32306671142578
Uzbekistan,UZB,1996,Quintile 4,77.27232360839844,78.32306671142578
Uzbekistan,UZB,1996,Quintile 5 (richest),79.00293731689453,78.32306671142578
Uzbekistan,UZB,2006,Quintile 1 (poorest),,
Uzbekistan,UZB,2006,Quintile 2,,
Uzbekistan,UZB,2006,Quintile 3,,
Uzbekistan,UZB,2006,Quintile 4,,
Uzbekistan,UZB,2006,Quintile 5 (richest),,
Vanuatu,VUT,2007,Quintile 1 (poorest),,
Vanuatu,VUT,2007,Quintile 2,,
Vanuatu,VUT,2007,Quintile 3,,
Vanuatu,VUT,2007,Quintile 4,,
Vanuatu,VUT,2007,Quintile 5 (richest),,
Vietnam,VNM,1997,Quintile 1 (poorest),48.99339294433594,60.707115173339844
Vietnam,VNM,1997,Quintile 2,59.44355010986328,60.707115173339844
Vietnam,VNM,1997,Quintile 3,62.09975051879883,60.707115173339844
Vietnam,VNM,1997,Quintile 4,68.38368225097656,60.707115173339844
Vietnam,VNM,1997,Quintile 5 (richest),76.066741943359375,60.707115173339844
Vietnam,VNM,2002,Quintile 1 (poorest),55.19858169555664,65.2540054321289
Vietnam,VNM,2002,Quintile 2,62.84999084472656,65.2540054321289
Vietnam,VNM,2002,Quintile 3,66.76533508300781,65.2540054321289
Vietnam,VNM,2002,Quintile 4,71.64274597167969,65.2540054321289
Vietnam,VNM,2002,Quintile 5 (richest),78.5457763671875,65.2540054321289
Vietnam,VNM,2006,Quintile 1 (poorest),,
Vietnam,VNM,2006,Quintile 2,,
Vietnam,VNM,2006,Quintile 3,,
Vietnam,VNM,2006,Quintile 4,,
Vietnam,VNM,2006,Quintile 5 (richest),,
Vietnam,VNM,2010,Quintile 1 (poorest),63.497840881347656,73.48955535888672
Vietnam,VNM,2010,Quintile 2,71.27840423583984,73.48955535888672
Vietnam,VNM,2010,Quintile 3,78.45967102050781,73.48955535888672
Vietnam,VNM,2010,Quintile 4,75.53630065917969,73.48955535888672
Vietnam,VNM,2010,Quintile 5 (richest),81.03484344482422,73.48955535888672
Vietnam,VNM,2013,Quintile 1 (poorest),67.655029296875,78.06706237792969
Vietnam,VNM,2013,Quintile 2,80.83900451660156,78.06706237792969
Vietnam,VNM,2013,Quintile 3,81.58600616455078,78.06706237792969
Vietnam,VNM,2013,Quintile 4,82.468719482421875,78.06706237792969
Vietnam,VNM,2013,Quintile 5 (richest),81.17933654785156,78.06706237792969
"Yemen, Rep.",YEM,2006,Quintile 1 (poorest),,
"Yemen, Rep.",YEM,2006,Quintile 2,,
"Yemen, Rep.",YEM,2006,Quintile 3,,
"Yemen, Rep.",YEM,2006,Quintile 4,,
"Yemen, Rep.",YEM,2006,Quintile 5 (richest),,
"Yemen, Rep.",YEM,2013,Quintile 1 (poorest),26.107921600341797,42.07025146484375
"Yemen, Rep.",YEM,2013,Quintile 2,33.90241241455078,42.07025146484375
"Yemen, Rep.",YEM,2013,Quintile 3,42.001007080078125,42.07025146484375
"Yemen, Rep.",YEM,2013,Quintile 4,49.88792037963867,42.07025146484375
"Yemen, Rep.",YEM,2013,Quintile 5 (richest),60.725929260253906,42.07025146484375
Zambia,ZMB,1996,Quintile 1 (poorest),48.15176010131836,59.3226318359375
Zambia,ZMB,1996,Quintile 2,53.19630432128906,59.3226318359375
Zambia,ZMB,1996,Quintile 3,55.846466064453125,59.3226318359375
Zambia,ZMB,1996,Quintile 4,64.8829116821289,59.3226318359375
Zambia,ZMB,1996,Quintile 5 (richest),76.10450744628906,59.3226318359375
Zambia,ZMB,2002,Quintile 1 (poorest),48.11505126953125,59.78741455078125
Zambia,ZMB,2002,Quintile 2,51.44403076171875,59.78741455078125
Zambia,ZMB,2002,Quintile 3,55.36139678955078,59.78741455078125
Zambia,ZMB,2002,Quintile 4,68.73528289794922,59.78741455078125
Zambia,ZMB,2002,Quintile 5 (richest),76.98986053466797,59.78741455078125
Zambia,ZMB,2007,Quintile 1 (poorest),55.311859130859375,60.137046813964844
Zambia,ZMB,2007,Quintile 2,52.9571533203125,60.137046813964844
Zambia,ZMB,2007,Quintile 3,54.51300048828125,60.137046813964844
Zambia,ZMB,2007,Quintile 4,68.12150573730469,60.137046813964844
Zambia,ZMB,2007,Quintile 5 (richest),72.96623992919922,60.137046813964844
Zambia,ZMB,2013,Quintile 1 (poorest),61.097007751464844,69.5450210571289
Zambia,ZMB,2013,Quintile 2,65.2986831665039,69.5450210571289
Zambia,ZMB,2013,Quintile 3,67.83320617675781,69.5450210571289
Zambia,ZMB,2013,Quintile 4,75.949371337890625,69.5450210571289
Zambia,ZMB,2013,Quintile 5 (richest),81.2389144897461,69.5450210571289
Zambia,ZMB,2018,Quintile 1 (poorest),70.47425079345703,75.90515899658203
Zambia,ZMB,2018,Quintile 2,74.49391174316406,75.90515899658203
Zambia,ZMB,2018,Quintile 3,73.76716613769531,75.90515899658203
Zambia,ZMB,2018,Quintile 4,79.29303741455078,75.90515899658203
Zambia,ZMB,2018,Quintile 5 (richest),84.0809326171875,75.90515899658203
Zimbabwe,ZWE,1994,Quintile 1 (poorest),63.39450454711914,72.59185791015625
Zimbabwe,ZWE,1994,Quintile 2,67.48987579345703,72.59185791015625
Zimbabwe,ZWE,1994,Quintile 3,70.86857604980469,72.59185791015625
Zimbabwe,ZWE,1994,Quintile 4,78.71919250488281,72.59185791015625
Zimbabwe,ZWE,1994,Quintile 5 (richest),83.638336181640625,72.59185791015625
Zimbabwe,ZWE,1999,Quintile 1 (poorest),,
Zimbabwe,ZWE,1999,Quintile 2,,
Zimbabwe,ZWE,1999,Quintile 3,,
Zimbabwe,ZWE,1999,Quintile 4,,
Zimbabwe,ZWE,1999,Quintile 5 (richest),,
Zimbabwe,ZWE,2005,Quintile 1 (poorest),45.85526657104492,57.26470947265625
Zimbabwe,ZWE,2005,Quintile 2,54.84717559814453,57.26470947265625
Zimbabwe,ZWE,2005,Quintile 3,58.38081359863281,57.26470947265625
Zimbabwe,ZWE,2005,Quintile 4,61.968116760253906,57.26470947265625
Zimbabwe,ZWE,2005,Quintile 5 (richest),70.67501068115234,57.26470947265625
Zimbabwe,ZWE,2009,Quintile 1 (poorest),,
Zimbabwe,ZWE,2009,Quintile 2,,
Zimbabwe,ZWE,2009,Quintile 3,,
Zimbabwe,ZWE,2009,Quintile 4,,
Zimbabwe,ZWE,2009,Quintile 5 (richest),,
Zimbabwe,ZWE,2010,Quintile 1 (poorest),58.37825012207031,63.571929931640625
Zimbabwe,ZWE,2010,Quintile 2,59.39552688598633,63.571929931640625
Zimbabwe,ZWE,2010,Quintile 3,63.00649642944336,63.571929931640625
Zimbabwe,ZWE,2010,Quintile 4,67.44481658935547,63.571929931640625
Zimbabwe,ZWE,2010,Quintile 5 (richest),69.65137481689453,63.571929931640625
Zimbabwe,ZWE,2014,Quintile 1 (poorest),70.21722412109375,75.310394287109375
Zimbabwe,ZWE,2014,Quintile 2,72.94231414794922,75.310394287109375
Zimbabwe,ZWE,2014,Quintile 3,75.5873031616211,75.310394287109375
Zimbabwe,ZWE,2014,Quintile 4,77.802642822265625,75.310394287109375
Zimbabwe,ZWE,2014,Quintile 5 (richest),80.85748291015625,75.310394287109375
Zimbabwe,ZWE,2015,Quintile 1 (poorest),66.362518310546875,73.11247253417969
Zimbabwe,ZWE,2015,Quintile 2,68.23213958740234,73.11247253417969
Zimbabwe,ZWE,2015,Quintile 3,75.9774169921875,73.11247253417969
Zimbabwe,ZWE,2015,Quintile 4,76.36971282958984,73.11247253417969
Zimbabwe,ZWE,2015,Quintile 5 (richest),81.66352844238281,73.11247253417969
Zimbabwe,ZWE,2019,Quintile 1 (poorest),,
Zimbabwe,ZWE,2019,Quintile 2,,
Zimbabwe,ZWE,2019,Quintile 3,,
Zimbabwe,ZWE,2019,Quintile 4,,
Zimbabwe,ZWE,2019,Quintile 5 (richest),,
